player,team,minute,second,event,raw_event,period,x,y,endX,endY,outcome
,Spain,0,0,Start,Start,FirstHalf,0.0,0.0,0.0,0.0,Successful
,Portugal,0,0,Start,Start,FirstHalf,0.0,0.0,0.0,0.0,Successful
Mikel Oyarzabal,Spain,0,0,Pass,Pass,FirstHalf,50.1,50.0,37.9,53.6,Successful
Rodri,Spain,0,3,Pass,Pass,FirstHalf,42.2,50.7,31.0,37.0,Successful
Pau Cubarsí,Spain,0,5,Pass,Pass,FirstHalf,30.7,38.2,33.3,70.7,Successful
Aymeric Laporte,Spain,0,9,Pass,Pass,FirstHalf,30.9,69.0,30.5,44.2,Successful
Pau Cubarsí,Spain,0,13,Pass,Pass,FirstHalf,41.7,28.1,59.3,41.9,Successful
Mikel Oyarzabal,Spain,0,15,Pass,Pass,FirstHalf,59.3,41.9,51.6,54.3,Successful
Pedri,Spain,0,17,Pass,Pass,FirstHalf,51.0,54.2,30.1,32.9,Successful
Pau Cubarsí,Spain,0,20,Pass,Pass,FirstHalf,28.4,32.9,14.3,50.7,Successful
Unai Simón,Spain,0,26,Pass,Pass,FirstHalf,15.4,52.7,27.8,67.7,Successful
Pedri,Spain,0,28,Pass,Pass,FirstHalf,25.8,67.5,13.7,57.3,Successful
Unai Simón,Spain,0,30,Chipped Pass,Pass,FirstHalf,14.1,57.5,29.8,91.8,Unsuccessful
Pedro Neto,Portugal,0,33,Pass,Pass,FirstHalf,70.5,7.2,77.8,23.7,Successful
Cristiano Ronaldo,Portugal,0,34,Pass,Pass,FirstHalf,78.2,22.9,68.8,25.6,Successful
Rúben Dias,Portugal,0,37,Ball Recovery,BallRecovery,FirstHalf,66.8,22.9,0.0,0.0,Successful
Rúben Dias,Portugal,0,37,Pass,Pass,FirstHalf,66.8,22.3,76.6,2.7,Successful
Pedro Neto,Portugal,0,38,Long Pass,Pass,FirstHalf,71.1,9.0,100.0,17.4,Unsuccessful
Unai Simón,Spain,0,49,Pass,Pass,FirstHalf,2.7,54.8,9.3,29.3,Successful
Pau Cubarsí,Spain,0,58,Pass,Pass,FirstHalf,29.5,24.7,52.8,4.6,Successful
Lamine Yamal,Spain,1,1,Pass,Pass,FirstHalf,55.5,4.9,44.1,6.7,Successful
Pedro Porro,Spain,1,4,Pass,Pass,FirstHalf,42.9,6.8,32.1,22.9,Successful
Pau Cubarsí,Spain,1,13,Pass,Pass,FirstHalf,47.0,34.3,57.9,29.0,Successful
Pedri,Spain,1,15,Pass,Pass,FirstHalf,57.7,26.2,55.1,9.4,Successful
Pedro Porro,Spain,1,18,Pass,Pass,FirstHalf,54.2,8.5,40.0,13.4,Successful
Pau Cubarsí,Spain,1,21,Pass,Pass,FirstHalf,37.7,15.2,22.5,40.0,Successful
Unai Simón,Spain,1,23,Pass,Pass,FirstHalf,21.5,40.0,26.4,26.8,Successful
Pau Cubarsí,Spain,1,27,Pass,Pass,FirstHalf,31.2,24.8,47.0,4.4,Successful
Pedro Porro,Spain,1,29,Unsuccessful Dribble,TakeOn,FirstHalf,46.0,3.4,0.0,0.0,Unsuccessful
João Félix,Portugal,1,29,Was Dribbled,Tackle,FirstHalf,54.0,96.6,0.0,0.0,Unsuccessful
Pedro Porro,Spain,1,31,BallTouch,BallTouch,FirstHalf,46.4,4.1,0.0,0.0,Successful
João Félix,Portugal,1,32,Ball Recovery,BallRecovery,FirstHalf,59.8,96.3,0.0,0.0,Successful
João Félix,Portugal,1,32,Pass,Pass,FirstHalf,59.8,96.3,59.7,91.6,Successful
Bruno Fernandes,Portugal,1,33,Pass,Pass,FirstHalf,59.7,91.6,53.5,86.4,Successful
João Neves,Portugal,1,35,Foul,Foul,FirstHalf,54.7,84.5,0.0,0.0,Successful
Lamine Yamal,Spain,1,35,Foul,Foul,FirstHalf,45.3,15.6,0.0,0.0,Unsuccessful
João Neves,Portugal,1,49,Pass,Pass,FirstHalf,56.6,87.3,33.2,63.0,Successful
Renato Veiga,Portugal,1,51,Pass,Pass,FirstHalf,31.8,54.6,33.7,25.9,Successful
Rúben Dias,Portugal,1,53,Pass,Pass,FirstHalf,33.7,25.9,39.2,2.5,Successful
João Cancelo,Portugal,1,55,Pass,Pass,FirstHalf,39.2,2.5,58.3,2.8,Unsuccessful
Marc Cucurella,Spain,1,57,Ball Recovery,BallRecovery,FirstHalf,45.7,95.9,0.0,0.0,Successful
Marc Cucurella,Spain,1,58,Pass,Pass,FirstHalf,53.4,94.2,52.1,87.9,Successful
Pedri,Spain,2,4,Pass,Pass,FirstHalf,46.1,89.0,39.3,89.4,Successful
Aymeric Laporte,Spain,2,6,Pass,Pass,FirstHalf,40.1,84.6,54.1,71.9,Successful
Álex Baena,Spain,2,9,Long Pass,Pass,FirstHalf,55.0,67.1,79.7,3.1,Successful
Lamine Yamal,Spain,2,12,BallTouch,BallTouch,FirstHalf,79.7,3.1,0.0,0.0,Unsuccessful
Nuno Mendes,Portugal,2,28,Long Pass,Pass,FirstHalf,21.9,100.0,38.0,77.9,Unsuccessful
Rodri,Spain,2,30,Pass,Pass,FirstHalf,60.9,24.5,71.7,38.5,Unsuccessful
Vitinha,Portugal,2,32,Pass,Pass,FirstHalf,28.8,62.6,31.2,50.5,Unsuccessful
Álex Baena,Spain,2,33,Pass,Pass,FirstHalf,68.6,54.3,65.4,51.3,Successful
Pedri,Spain,2,34,Ball Recovery,BallRecovery,FirstHalf,65.3,51.3,0.0,0.0,Successful
Pedri,Spain,2,35,BallTouch,BallTouch,FirstHalf,64.7,57.0,0.0,0.0,Unsuccessful
Pedro Neto,Portugal,2,36,Pass,Pass,FirstHalf,35.6,36.2,38.9,39.3,Successful
Bruno Fernandes,Portugal,2,36,Pass,Pass,FirstHalf,46.8,36.0,36.9,42.4,Successful
Pedro Neto,Portugal,2,37,BallTouch,BallTouch,FirstHalf,38.5,41.5,0.0,0.0,Successful
Vitinha,Portugal,2,39,BallTouch,BallTouch,FirstHalf,36.9,42.4,0.0,0.0,Unsuccessful
Vitinha,Portugal,2,40,Error,Error,FirstHalf,35.5,44.7,0.0,0.0,Successful
Mikel Oyarzabal,Spain,2,42,Shot on Target,SavedShot,FirstHalf,75.7,62.0,0.0,0.0,Successful
Diogo Costa,Portugal,2,42,Save,Save,FirstHalf,1.6,50.5,0.0,0.0,Successful
Diogo Costa,Portugal,2,44,KeeperPickup,KeeperPickup,FirstHalf,1.6,50.5,0.0,0.0,Successful
Diogo Costa,Portugal,2,50,Pass,Pass,FirstHalf,10.1,52.6,9.8,64.2,Successful
Renato Veiga,Portugal,2,52,Pass,Pass,FirstHalf,9.8,67.5,22.8,97.3,Successful
Nuno Mendes,Portugal,2,54,Loss of Possession,Dispossessed,FirstHalf,22.0,94.3,0.0,0.0,Successful
Lamine Yamal,Spain,2,54,Successful Tackle,Tackle,FirstHalf,78.0,5.7,0.0,0.0,Successful
Lamine Yamal,Spain,2,56,Ball Recovery,BallRecovery,FirstHalf,86.7,10.6,0.0,0.0,Successful
Lamine Yamal,Spain,2,58,Pass,Pass,FirstHalf,91.9,18.4,86.5,48.7,Unsuccessful
Vitinha,Portugal,3,0,Ball Recovery,BallRecovery,FirstHalf,8.8,47.1,0.0,0.0,Successful
Vitinha,Portugal,3,2,Clearance,Clearance,FirstHalf,3.2,42.6,4.4,0.0,Successful
Marc Cucurella,Spain,3,8,Throw In,Pass,FirstHalf,88.8,100.0,95.2,96.0,Successful
Álex Baena,Spain,3,12,Cross,Pass,FirstHalf,89.4,94.4,84.8,60.0,Unsuccessful
João Neves,Portugal,3,14,Ball Recovery,BallRecovery,FirstHalf,13.6,40.3,0.0,0.0,Successful
João Neves,Portugal,3,14,Pass,Pass,FirstHalf,13.6,40.3,26.2,37.6,Successful
Bruno Fernandes,Portugal,3,16,BallTouch,BallTouch,FirstHalf,26.2,37.6,0.0,0.0,Unsuccessful
Rodri,Spain,3,16,Pass,Pass,FirstHalf,68.1,62.9,58.3,68.7,Successful
Aymeric Laporte,Spain,3,18,Ball Recovery,BallRecovery,FirstHalf,58.4,68.7,0.0,0.0,Successful
Aymeric Laporte,Spain,3,19,Pass,Pass,FirstHalf,58.7,68.9,60.8,62.3,Successful
Rodri,Spain,3,21,Pass,Pass,FirstHalf,57.6,61.8,51.5,40.7,Successful
Pau Cubarsí,Spain,3,24,Pass,Pass,FirstHalf,46.5,31.3,60.3,30.8,Successful
Lamine Yamal,Spain,3,32,Pass,Pass,FirstHalf,52.0,28.4,70.2,22.0,Unsuccessful
João Félix,Portugal,3,34,Ball Recovery,BallRecovery,FirstHalf,26.7,75.4,0.0,0.0,Successful
João Félix,Portugal,3,36,Pass,Pass,FirstHalf,33.6,76.5,25.5,67.2,Successful
Renato Veiga,Portugal,3,37,Pass,Pass,FirstHalf,25.5,67.2,29.7,51.4,Successful
Vitinha,Portugal,3,39,Pass,Pass,FirstHalf,29.8,53.7,28.6,79.2,Successful
João Neves,Portugal,3,45,Pass,Pass,FirstHalf,28.2,75.4,26.2,33.1,Successful
Rúben Dias,Portugal,3,47,Pass,Pass,FirstHalf,26.2,33.1,41.9,2.1,Successful
João Cancelo,Portugal,3,52,Pass,Pass,FirstHalf,56.0,4.2,35.0,10.9,Successful
Rúben Dias,Portugal,3,56,Pass,Pass,FirstHalf,37.1,31.9,29.2,64.2,Successful
Renato Veiga,Portugal,4,2,Pass,Pass,FirstHalf,28.6,60.4,30.8,26.8,Successful
Rúben Dias,Portugal,4,5,Long Pass,Pass,FirstHalf,36.1,32.8,77.2,96.9,Successful
Nuno Mendes,Portugal,4,10,BallTouch,BallTouch,FirstHalf,77.6,96.4,0.0,0.0,Unsuccessful
Pedro Porro,Spain,4,27,Throw In,Pass,FirstHalf,15.8,0.0,22.9,14.0,Successful
Dani Olmo,Spain,4,29,Pass,Pass,FirstHalf,21.8,13.1,5.5,25.1,Successful
Pau Cubarsí,Spain,4,34,Chipped Pass,Pass,FirstHalf,5.0,17.6,32.4,8.6,Successful
Mikel Oyarzabal,Spain,4,38,BallTouch,BallTouch,FirstHalf,32.4,8.6,0.0,0.0,Unsuccessful
Bruno Fernandes,Portugal,4,39,BallTouch,BallTouch,FirstHalf,71.3,95.5,0.0,0.0,Unsuccessful
Pau Cubarsí,Spain,4,41,BallTouch,BallTouch,FirstHalf,27.1,3.8,0.0,0.0,Unsuccessful
Nuno Mendes,Portugal,5,3,Long Pass,Pass,FirstHalf,86.6,100.0,86.9,51.1,Unsuccessful
Marc Cucurella,Spain,5,6,Aerial Won,Aerial,FirstHalf,13.1,48.9,0.0,0.0,Successful
Rúben Dias,Portugal,5,6,Aerial Lost,Aerial,FirstHalf,86.9,51.1,0.0,0.0,Unsuccessful
Marc Cucurella,Spain,5,7,Clearance,Clearance,FirstHalf,13.1,48.9,26.6,47.3,Successful
Mikel Oyarzabal,Spain,5,11,Pass,Pass,FirstHalf,31.6,65.4,37.6,83.6,Successful
Álex Baena,Spain,5,13,Successful Dribble,TakeOn,FirstHalf,39.1,89.6,0.0,0.0,Successful
Pedro Neto,Portugal,5,13,Challenge,Challenge,FirstHalf,60.9,10.4,0.0,0.0,Unsuccessful
Álex Baena,Spain,5,14,Ball Recovery,BallRecovery,FirstHalf,39.1,90.8,0.0,0.0,Successful
Álex Baena,Spain,5,15,Pass,Pass,FirstHalf,40.1,91.5,32.6,76.7,Successful
Rodri,Spain,5,17,Pass,Pass,FirstHalf,33.1,74.1,43.0,53.4,Successful
Dani Olmo,Spain,5,23,Pass,Pass,FirstHalf,53.1,31.7,65.6,6.8,Successful
Pedro Porro,Spain,5,26,Pass,Pass,FirstHalf,65.9,7.4,55.3,25.3,Successful
Dani Olmo,Spain,5,29,Pass,Pass,FirstHalf,53.7,26.8,43.2,29.5,Successful
Rodri,Spain,5,31,Pass,Pass,FirstHalf,41.7,28.7,30.2,29.0,Successful
Pau Cubarsí,Spain,5,34,Pass,Pass,FirstHalf,30.2,27.5,41.1,19.3,Successful
Rodri,Spain,5,37,Pass,Pass,FirstHalf,41.1,17.2,36.3,37.6,Successful
Pau Cubarsí,Spain,5,45,Pass,Pass,FirstHalf,41.6,38.9,44.3,29.0,Successful
Rodri,Spain,5,46,Pass,Pass,FirstHalf,45.0,27.4,57.1,31.1,Successful
Mikel Oyarzabal,Spain,5,48,Pass,Pass,FirstHalf,57.1,31.1,39.5,34.0,Successful
Pau Cubarsí,Spain,5,54,Pass,Pass,FirstHalf,48.7,45.8,61.5,36.7,Successful
Dani Olmo,Spain,5,56,Pass,Pass,FirstHalf,61.4,33.7,67.8,17.9,Unsuccessful
Nuno Mendes,Portugal,5,58,Ball Recovery,BallRecovery,FirstHalf,35.8,87.4,0.0,0.0,Successful
Nuno Mendes,Portugal,6,0,Pass,Pass,FirstHalf,37.3,88.0,33.8,69.0,Successful
Vitinha,Portugal,6,2,Pass,Pass,FirstHalf,34.2,63.9,35.2,53.8,Successful
João Neves,Portugal,6,4,Pass,Pass,FirstHalf,35.2,53.8,24.9,66.4,Successful
Renato Veiga,Portugal,6,6,Pass,Pass,FirstHalf,23.3,59.5,8.7,46.8,Successful
Diogo Costa,Portugal,6,10,Pass,Pass,FirstHalf,10.8,46.8,12.4,71.6,Successful
Renato Veiga,Portugal,6,13,Pass,Pass,FirstHalf,14.3,75.1,26.5,96.1,Successful
Nuno Mendes,Portugal,6,15,Pass,Pass,FirstHalf,26.4,95.5,37.7,95.8,Successful
Bruno Fernandes,Portugal,6,19,Pass,Pass,FirstHalf,35.1,94.9,41.0,94.6,Successful
Nuno Mendes,Portugal,6,22,Key Pass,Pass,FirstHalf,47.9,92.8,54.4,13.3,Successful
João Cancelo,Portugal,6,30,Shot off Target,MissedShots,FirstHalf,85.0,23.5,0.0,0.0,Successful
Unai Simón,Spain,6,48,Pass,Pass,FirstHalf,4.3,53.1,5.8,32.0,Successful
Pau Cubarsí,Spain,6,53,Pass,Pass,FirstHalf,7.3,30.5,4.4,50.1,Successful
Unai Simón,Spain,6,56,Pass,Pass,FirstHalf,3.4,48.7,6.3,23.2,Successful
Pau Cubarsí,Spain,7,1,Long Pass,Pass,FirstHalf,20.6,14.2,53.5,56.0,Unsuccessful
Renato Veiga,Portugal,7,4,Pass,Pass,FirstHalf,46.3,47.4,44.8,56.8,Successful
Rúben Dias,Portugal,7,5,Ball Recovery,BallRecovery,FirstHalf,44.8,56.8,0.0,0.0,Successful
Rúben Dias,Portugal,7,10,Pass,Pass,FirstHalf,36.0,51.3,33.4,57.3,Successful
Renato Veiga,Portugal,7,16,Pass,Pass,FirstHalf,38.5,72.9,55.6,96.1,Successful
Bruno Fernandes,Portugal,7,19,Pass,Pass,FirstHalf,54.8,95.8,54.6,79.6,Successful
João Neves,Portugal,7,22,Pass,Pass,FirstHalf,47.6,82.8,42.6,64.3,Successful
Vitinha,Portugal,7,24,Pass,Pass,FirstHalf,42.6,64.3,32.4,59.2,Successful
Renato Veiga,Portugal,7,27,Pass,Pass,FirstHalf,32.4,59.2,34.9,84.7,Successful
Nuno Mendes,Portugal,7,28,Pass,Pass,FirstHalf,34.9,84.7,47.0,96.7,Successful
Bruno Fernandes,Portugal,7,30,Pass,Pass,FirstHalf,47.0,96.7,60.0,88.9,Successful
João Félix,Portugal,7,31,Pass,Pass,FirstHalf,60.0,88.9,56.9,81.4,Unsuccessful
Rodri,Spain,7,33,Ball Recovery,BallRecovery,FirstHalf,43.0,25.4,0.0,0.0,Successful
Rodri,Spain,7,33,Pass,Pass,FirstHalf,42.5,26.2,42.3,37.4,Successful
Aymeric Laporte,Spain,7,35,Pass,Pass,FirstHalf,42.3,37.4,55.5,51.8,Successful
Álex Baena,Spain,7,36,Pass,Pass,FirstHalf,56.2,52.1,64.5,40.7,Successful
Dani Olmo,Spain,7,37,Key Pass,Pass,FirstHalf,64.5,41.2,86.1,58.3,Successful
Mikel Oyarzabal,Spain,7,40,Shot off Target,MissedShots,FirstHalf,86.1,58.3,0.0,0.0,Successful
Diogo Costa,Portugal,8,14,Long Pass,Pass,FirstHalf,4.8,49.2,71.3,54.0,Unsuccessful
Pau Cubarsí,Spain,8,19,Pass,Pass,FirstHalf,24.5,50.3,27.6,63.6,Unsuccessful
Pedro Neto,Portugal,8,20,Aerial Won,Aerial,FirstHalf,72.4,36.4,0.0,0.0,Successful
Aymeric Laporte,Spain,8,20,Aerial Lost,Aerial,FirstHalf,27.6,63.6,0.0,0.0,Unsuccessful
Pedro Neto,Portugal,8,21,BallTouch,BallTouch,FirstHalf,68.9,42.7,0.0,0.0,Successful
Cristiano Ronaldo,Portugal,8,25,Pass,Pass,FirstHalf,69.6,37.6,71.8,35.1,Unsuccessful
Álex Baena,Spain,8,25,BlockedPass,BlockedPass,FirstHalf,28.2,64.9,0.0,0.0,Successful
Vitinha,Portugal,8,28,Long Pass,Pass,FirstHalf,68.9,41.7,91.6,85.0,Successful
João Félix,Portugal,8,38,Pass,Pass,FirstHalf,88.2,86.9,94.4,63.8,Unsuccessful
Pedri,Spain,8,43,BallTouch,BallTouch,FirstHalf,5.0,35.5,0.0,0.0,Unsuccessful
João Félix,Portugal,8,43,CornerAwarded,CornerAwarded,FirstHalf,93.8,63.7,0.0,0.0,Successful
Pedri,Spain,8,43,CornerAwarded,CornerAwarded,FirstHalf,6.2,36.3,0.0,0.0,Unsuccessful
Bruno Fernandes,Portugal,9,26,Cross,Pass,FirstHalf,99.6,99.5,95.6,56.4,Unsuccessful
Mikel Oyarzabal,Spain,9,27,Aerial Won,Aerial,FirstHalf,4.4,43.6,0.0,0.0,Successful
Renato Veiga,Portugal,9,27,Aerial Lost,Aerial,FirstHalf,95.6,56.4,0.0,0.0,Unsuccessful
Mikel Oyarzabal,Spain,9,28,Clearance,Clearance,FirstHalf,4.4,43.6,27.6,55.2,Successful
Pedro Neto,Portugal,9,31,Shot on Target,SavedShot,FirstHalf,70.4,48.7,0.0,0.0,Successful
Pedri,Spain,9,31,Save,Save,FirstHalf,24.0,50.9,0.0,0.0,Successful
João Cancelo,Portugal,9,34,Pass,Pass,FirstHalf,42.8,63.9,21.3,43.5,Successful
Diogo Costa,Portugal,9,38,Long Pass,Pass,FirstHalf,21.7,43.5,84.8,76.6,Unsuccessful
Pedro Porro,Spain,9,42,Clearance,Clearance,FirstHalf,12.5,22.7,14.9,12.1,Successful
Bruno Fernandes,Portugal,9,44,Pass,Pass,FirstHalf,83.5,88.7,76.9,84.8,Unsuccessful
Rodri,Spain,9,45,Ball Recovery,BallRecovery,FirstHalf,15.1,8.3,0.0,0.0,Successful
Rodri,Spain,9,46,Pass,Pass,FirstHalf,10.0,5.2,6.2,18.1,Successful
Pedro Porro,Spain,9,48,Pass,Pass,FirstHalf,5.8,17.9,2.1,28.1,Successful
Unai Simón,Spain,9,50,Long Pass,Pass,FirstHalf,2.1,28.1,46.5,37.1,Unsuccessful
Renato Veiga,Portugal,9,54,Ball Recovery,BallRecovery,FirstHalf,53.4,60.9,0.0,0.0,Successful
Renato Veiga,Portugal,9,56,Pass,Pass,FirstHalf,53.4,60.9,61.0,55.8,Successful
Vitinha,Portugal,9,57,Pass,Pass,FirstHalf,61.0,55.8,48.2,40.2,Successful
Rúben Dias,Portugal,9,59,Pass,Pass,FirstHalf,48.2,40.2,55.8,40.5,Successful
Vitinha,Portugal,10,1,Pass,Pass,FirstHalf,54.9,34.9,63.0,4.6,Successful
Pedro Neto,Portugal,10,6,Chipped Pass,Pass,FirstHalf,64.9,10.3,81.9,38.7,Unsuccessful
Aymeric Laporte,Spain,10,8,Pass,Pass,FirstHalf,19.4,69.5,26.1,74.4,Unsuccessful
Vitinha,Portugal,10,9,Unsuccessful Dribble,TakeOn,FirstHalf,72.5,35.8,0.0,0.0,Unsuccessful
Rodri,Spain,10,9,Was Dribbled,Tackle,FirstHalf,27.5,64.2,0.0,0.0,Unsuccessful
João Cancelo,Portugal,10,12,Pass,Pass,FirstHalf,63.4,29.5,71.1,30.3,Successful
Vitinha,Portugal,10,14,Pass,Pass,FirstHalf,65.4,15.1,72.5,4.8,Successful
Pedro Neto,Portugal,10,17,Pass,Pass,FirstHalf,70.6,11.2,63.2,14.4,Successful
Vitinha,Portugal,10,20,Pass,Pass,FirstHalf,65.9,25.9,57.4,52.8,Successful
Renato Veiga,Portugal,10,24,Pass,Pass,FirstHalf,61.6,58.8,60.2,78.4,Successful
Nuno Mendes,Portugal,10,26,Pass,Pass,FirstHalf,60.0,79.2,60.9,52.6,Successful
Vitinha,Portugal,10,30,Pass,Pass,FirstHalf,60.9,52.6,70.9,67.2,Successful
Bruno Fernandes,Portugal,10,32,Loss of Possession,Dispossessed,FirstHalf,70.0,69.6,0.0,0.0,Successful
Rodri,Spain,10,32,Successful Tackle,Tackle,FirstHalf,30.0,30.4,0.0,0.0,Successful
Pedro Porro,Spain,10,33,Ball Recovery,BallRecovery,FirstHalf,25.1,15.5,0.0,0.0,Successful
Pedro Porro,Spain,10,34,Pass,Pass,FirstHalf,24.7,13.9,30.8,12.4,Successful
Lamine Yamal,Spain,10,35,Pass,Pass,FirstHalf,30.8,12.5,26.1,19.1,Successful
Rodri,Spain,10,36,Pass,Pass,FirstHalf,26.1,19.1,21.9,14.9,Successful
Pedro Porro,Spain,10,39,Foul,Foul,FirstHalf,18.8,9.1,0.0,0.0,Successful
João Félix,Portugal,10,39,Foul,Foul,FirstHalf,81.1,91.0,0.0,0.0,Unsuccessful
Pedro Porro,Spain,10,50,Pass,Pass,FirstHalf,21.5,8.4,8.7,25.0,Successful
Pau Cubarsí,Spain,10,52,Pass,Pass,FirstHalf,8.7,25.0,3.9,47.0,Successful
Unai Simón,Spain,10,57,Long Pass,Pass,FirstHalf,8.8,50.1,45.3,53.4,Successful
Mikel Oyarzabal,Spain,11,1,Pass,Pass,FirstHalf,42.2,36.1,42.2,26.6,Successful
Dani Olmo,Spain,11,2,Pass,Pass,FirstHalf,42.4,25.7,34.8,29.6,Successful
Rodri,Spain,11,3,Pass,Pass,FirstHalf,34.8,29.6,37.3,49.7,Successful
Pedri,Spain,11,5,Pass,Pass,FirstHalf,37.3,49.7,32.6,48.7,Unsuccessful
Bruno Fernandes,Portugal,11,5,BlockedPass,BlockedPass,FirstHalf,67.4,51.3,0.0,0.0,Successful
Pedri,Spain,11,6,Error,Error,FirstHalf,35.8,55.7,0.0,0.0,Successful
Bruno Fernandes,Portugal,11,7,Ball Recovery,BallRecovery,FirstHalf,63.9,47.2,0.0,0.0,Successful
Bruno Fernandes,Portugal,11,7,Key Pass,Pass,FirstHalf,65.4,45.1,87.1,28.8,Successful
Cristiano Ronaldo,Portugal,11,11,Shot on Target,SavedShot,FirstHalf,91.5,30.1,0.0,0.0,Successful
Unai Simón,Spain,11,11,Save,Save,FirstHalf,2.2,55.6,0.0,0.0,Successful
Cristiano Ronaldo,Portugal,11,12,CornerAwarded,CornerAwarded,FirstHalf,96.7,43.0,0.0,0.0,Successful
Unai Simón,Spain,11,12,CornerAwarded,CornerAwarded,FirstHalf,3.0,57.9,0.0,0.0,Unsuccessful
Nuno Mendes,Portugal,11,53,Cross,Pass,FirstHalf,99.5,0.5,95.2,46.9,Unsuccessful
Mikel Oyarzabal,Spain,11,55,Clearance,Clearance,FirstHalf,4.0,57.8,41.6,99.3,Successful
Bruno Fernandes,Portugal,12,1,Successful Dribble,TakeOn,FirstHalf,55.8,4.9,0.0,0.0,Successful
Pedri,Spain,12,1,Challenge,Challenge,FirstHalf,44.2,95.1,0.0,0.0,Unsuccessful
Bruno Fernandes,Portugal,12,3,Pass,Pass,FirstHalf,55.1,3.1,64.3,4.3,Unsuccessful
Mikel Oyarzabal,Spain,12,4,BallTouch,BallTouch,FirstHalf,38.5,97.8,0.0,0.0,Successful
Nuno Mendes,Portugal,12,6,BallTouch,BallTouch,FirstHalf,64.3,30.6,0.0,0.0,Unsuccessful
Rodri,Spain,12,8,Ball Recovery,BallRecovery,FirstHalf,29.7,75.9,0.0,0.0,Successful
Rodri,Spain,12,9,Pass,Pass,FirstHalf,29.7,75.9,31.2,71.6,Unsuccessful
Renato Veiga,Portugal,12,9,Pass,Pass,FirstHalf,62.7,39.3,64.5,37.2,Unsuccessful
Pedri,Spain,12,9,BlockedPass,BlockedPass,FirstHalf,35.5,62.8,0.0,0.0,Successful
Vitinha,Portugal,12,12,BallTouch,BallTouch,FirstHalf,62.9,43.0,0.0,0.0,Unsuccessful
Rodri,Spain,12,14,Pass,Pass,FirstHalf,24.4,46.9,30.1,61.2,Successful
Dani Olmo,Spain,12,16,Pass,Pass,FirstHalf,30.1,62.6,23.4,64.5,Successful
Aymeric Laporte,Spain,12,17,Pass,Pass,FirstHalf,23.7,65.9,28.7,90.5,Successful
Marc Cucurella,Spain,12,20,Pass,Pass,FirstHalf,29.4,91.7,36.5,95.3,Successful
Álex Baena,Spain,12,22,Pass,Pass,FirstHalf,34.1,92.9,28.5,76.4,Successful
Rodri,Spain,12,24,Pass,Pass,FirstHalf,27.1,73.1,32.7,56.6,Successful
Pedri,Spain,12,29,Pass,Pass,FirstHalf,46.9,35.8,67.1,32.0,Successful
Lamine Yamal,Spain,12,34,Unsuccessful Dribble,TakeOn,FirstHalf,65.8,34.3,0.0,0.0,Unsuccessful
João Neves,Portugal,12,34,Was Dribbled,Tackle,FirstHalf,34.2,65.7,0.0,0.0,Unsuccessful
Aymeric Laporte,Spain,12,38,Pass,Pass,FirstHalf,52.9,51.3,54.4,57.9,Successful
Rodri,Spain,12,40,Pass,Pass,FirstHalf,54.7,59.1,59.1,93.0,Successful
Marc Cucurella,Spain,12,43,Pass,Pass,FirstHalf,56.7,91.5,43.3,72.6,Successful
Rodri,Spain,12,46,Pass,Pass,FirstHalf,41.9,69.3,39.3,40.7,Successful
Pau Cubarsí,Spain,12,53,Pass,Pass,FirstHalf,54.3,29.0,65.8,22.4,Successful
Lamine Yamal,Spain,12,54,Pass,Pass,FirstHalf,65.8,22.4,56.1,27.2,Successful
Pau Cubarsí,Spain,12,57,Chipped Pass,Pass,FirstHalf,55.8,26.2,74.8,18.4,Unsuccessful
Pedro Neto,Portugal,12,58,Pass,Pass,FirstHalf,23.6,81.1,30.0,76.5,Successful
Nuno Mendes,Portugal,13,0,Ball Recovery,BallRecovery,FirstHalf,31.3,79.1,0.0,0.0,Successful
Nuno Mendes,Portugal,13,0,Pass,Pass,FirstHalf,32.6,78.9,37.2,74.6,Successful
João Neves,Portugal,13,2,Pass,Pass,FirstHalf,39.1,69.9,45.3,45.9,Successful
João Félix,Portugal,13,4,Unsuccessful Dribble,TakeOn,FirstHalf,46.4,57.0,0.0,0.0,Unsuccessful
Rodri,Spain,13,4,Successful Tackle,Tackle,FirstHalf,53.6,43.0,0.0,0.0,Successful
Marc Cucurella,Spain,13,6,Pass,Pass,FirstHalf,52.8,44.5,54.1,47.9,Successful
Rodri,Spain,13,7,Ball Recovery,BallRecovery,FirstHalf,46.9,47.8,0.0,0.0,Successful
Rodri,Spain,13,7,Pass,Pass,FirstHalf,46.9,47.8,43.2,48.8,Successful
Aymeric Laporte,Spain,13,8,Pass,Pass,FirstHalf,43.2,48.8,56.3,69.0,Successful
Dani Olmo,Spain,13,13,Pass,Pass,FirstHalf,71.0,75.9,85.0,90.3,Successful
Álex Baena,Spain,13,16,Pass,Pass,FirstHalf,86.0,81.8,87.8,73.4,Unsuccessful
João Cancelo,Portugal,13,16,BlockedPass,BlockedPass,FirstHalf,12.2,26.6,0.0,0.0,Successful
João Félix,Portugal,13,17,BallTouch,BallTouch,FirstHalf,16.8,38.0,0.0,0.0,Unsuccessful
João Félix,Portugal,13,18,Error,Error,FirstHalf,20.3,38.7,0.0,0.0,Successful
Álex Baena,Spain,13,19,Shot off Target,MissedShots,FirstHalf,79.2,70.4,0.0,0.0,Successful
Renato Veiga,Portugal,13,38,Pass,Pass,FirstHalf,5.1,60.7,3.9,49.8,Successful
Diogo Costa,Portugal,13,39,Pass,Pass,FirstHalf,3.9,49.8,4.6,67.2,Successful
Renato Veiga,Portugal,13,42,Long Pass,Pass,FirstHalf,7.0,71.1,59.2,72.4,Unsuccessful
Pedro Porro,Spain,13,46,Aerial Won,Aerial,FirstHalf,40.8,27.6,0.0,0.0,Successful
João Félix,Portugal,13,46,Aerial Lost,Aerial,FirstHalf,59.2,72.4,0.0,0.0,Unsuccessful
Pedro Porro,Spain,13,46,Clearance,Clearance,FirstHalf,40.8,27.6,55.5,25.0,Successful
Rodri,Spain,13,48,Long Pass,Pass,FirstHalf,54.3,25.3,23.5,69.9,Successful
Marc Cucurella,Spain,13,51,Ball Recovery,BallRecovery,FirstHalf,21.5,68.9,0.0,0.0,Successful
Marc Cucurella,Spain,13,51,Pass,Pass,FirstHalf,20.9,67.4,13.7,37.6,Successful
Pau Cubarsí,Spain,13,55,Pass,Pass,FirstHalf,14.0,34.0,20.8,40.6,Successful
Rodri,Spain,14,5,Pass,Pass,FirstHalf,41.8,70.8,54.2,96.5,Successful
Marc Cucurella,Spain,14,7,Pass,Pass,FirstHalf,54.0,96.2,45.1,80.9,Successful
Rodri,Spain,14,12,Pass,Pass,FirstHalf,53.3,71.9,52.7,59.3,Successful
Pedri,Spain,14,14,Pass,Pass,FirstHalf,51.7,52.4,55.3,33.4,Successful
Pau Cubarsí,Spain,14,17,Pass,Pass,FirstHalf,56.5,30.1,57.9,12.2,Successful
Pedro Porro,Spain,14,19,Pass,Pass,FirstHalf,57.6,11.3,53.8,25.4,Successful
Pau Cubarsí,Spain,14,20,Pass,Pass,FirstHalf,53.6,25.7,54.8,42.1,Successful
Pedri,Spain,14,25,Pass,Pass,FirstHalf,58.1,60.3,58.2,69.8,Successful
Rodri,Spain,14,26,Pass,Pass,FirstHalf,58.2,71.0,62.2,78.0,Successful
Álex Baena,Spain,14,28,Pass,Pass,FirstHalf,62.2,78.0,52.5,71.7,Successful
Rodri,Spain,14,30,Pass,Pass,FirstHalf,52.1,71.0,59.5,67.7,Successful
Pedri,Spain,14,33,Pass,Pass,FirstHalf,59.9,74.0,56.1,93.0,Successful
Álex Baena,Spain,14,40,Long Pass,Pass,FirstHalf,51.6,66.6,43.9,8.0,Successful
Pedro Porro,Spain,14,45,Pass,Pass,FirstHalf,40.1,7.6,20.3,29.2,Successful
Pau Cubarsí,Spain,14,50,Pass,Pass,FirstHalf,20.5,31.3,27.8,51.0,Successful
Rodri,Spain,14,53,Pass,Pass,FirstHalf,28.0,49.3,31.1,27.8,Successful
Pau Cubarsí,Spain,14,58,Pass,Pass,FirstHalf,39.3,25.1,46.7,7.0,Successful
Pedro Porro,Spain,15,0,Pass,Pass,FirstHalf,46.9,5.6,57.0,5.3,Successful
Lamine Yamal,Spain,15,1,Pass,Pass,FirstHalf,57.0,5.3,40.3,27.4,Unsuccessful
Bruno Fernandes,Portugal,15,2,Ball Recovery,BallRecovery,FirstHalf,62.8,73.5,0.0,0.0,Successful
Bruno Fernandes,Portugal,15,4,Pass,Pass,FirstHalf,65.2,83.2,65.0,86.3,Unsuccessful
Pedro Porro,Spain,15,5,BallTouch,BallTouch,FirstHalf,36.6,16.7,0.0,0.0,Successful
João Félix,Portugal,15,11,Pass,Pass,FirstHalf,61.8,94.0,34.0,95.4,Successful
Nuno Mendes,Portugal,15,18,Pass,Pass,FirstHalf,55.5,79.2,67.8,95.8,Successful
Bruno Fernandes,Portugal,15,21,Through Ball,Pass,FirstHalf,61.5,92.4,91.0,64.6,Unsuccessful
Unai Simón,Spain,15,24,KeeperPickup,KeeperPickup,FirstHalf,8.0,33.7,0.0,0.0,Successful
Unai Simón,Spain,15,25,Pass,Pass,FirstHalf,9.7,32.0,25.5,30.8,Successful
Rodri,Spain,15,32,Key Pass,Pass,FirstHalf,55.1,38.3,77.4,18.6,Successful
Lamine Yamal,Spain,15,37,Shot on Target,SavedShot,FirstHalf,86.4,32.3,0.0,0.0,Successful
Diogo Costa,Portugal,15,37,Save,Save,FirstHalf,1.6,52.4,0.0,0.0,Successful
Álex Baena,Spain,15,39,Shot on Target,SavedShot,FirstHalf,85.8,67.7,0.0,0.0,Successful
Diogo Costa,Portugal,15,39,Save,Save,FirstHalf,2.3,50.8,0.0,0.0,Successful
Álex Baena,Spain,15,41,CornerAwarded,CornerAwarded,FirstHalf,97.2,48.9,0.0,0.0,Successful
Diogo Costa,Portugal,15,41,CornerAwarded,CornerAwarded,FirstHalf,2.4,51.5,0.0,0.0,Unsuccessful
Álex Baena,Spain,16,31,Cross,Pass,FirstHalf,99.5,0.5,91.4,49.7,Unsuccessful
Rúben Dias,Portugal,16,34,Clearance,Clearance,FirstHalf,6.8,48.1,28.4,62.7,Successful
Lamine Yamal,Spain,16,36,Long Pass,Pass,FirstHalf,74.2,34.1,91.3,75.0,Successful
Marc Cucurella,Spain,16,38,Cross,Pass,FirstHalf,91.3,75.0,96.8,14.0,Successful
Dani Olmo,Spain,16,44,Pass,Pass,FirstHalf,94.8,14.2,86.7,18.2,Successful
Lamine Yamal,Spain,16,46,Cross,Pass,FirstHalf,86.6,20.9,92.7,54.3,Unsuccessful
Rúben Dias,Portugal,16,47,Aerial Won,Aerial,FirstHalf,7.3,45.7,0.0,0.0,Successful
Pau Cubarsí,Spain,16,47,Aerial Lost,Aerial,FirstHalf,92.7,54.3,0.0,0.0,Unsuccessful
Rúben Dias,Portugal,16,48,Clearance,Clearance,FirstHalf,7.3,45.7,22.2,73.8,Successful
Álex Baena,Spain,16,49,Pass,Pass,FirstHalf,75.7,31.1,89.2,0.0,Unsuccessful
Nuno Mendes,Portugal,17,37,Long Pass,Pass,FirstHalf,18.1,100.0,57.1,97.0,Unsuccessful
Pau Cubarsí,Spain,17,40,Pass,Pass,FirstHalf,40.7,7.7,54.7,9.8,Successful
Rodri,Spain,17,41,Pass,Pass,FirstHalf,54.7,9.8,62.3,8.0,Unsuccessful
João Neves,Portugal,17,42,BallTouch,BallTouch,FirstHalf,30.5,93.7,0.0,0.0,Successful
Nuno Mendes,Portugal,17,43,Pass,Pass,FirstHalf,25.0,94.2,35.1,94.8,Successful
João Neves,Portugal,17,44,Long Pass,Pass,FirstHalf,35.1,94.8,14.0,52.6,Successful
Diogo Costa,Portugal,17,49,Long Pass,Pass,FirstHalf,18.6,45.4,49.3,6.0,Successful
João Cancelo,Portugal,17,50,Aerial Won,Aerial,FirstHalf,49.3,6.0,0.0,0.0,Successful
Álex Baena,Spain,17,50,Aerial Lost,Aerial,FirstHalf,50.7,94.0,0.0,0.0,Unsuccessful
João Cancelo,Portugal,17,51,BallTouch,BallTouch,FirstHalf,49.3,6.0,0.0,0.0,Unsuccessful
Marc Cucurella,Spain,17,52,Ball Recovery,BallRecovery,FirstHalf,43.5,86.6,0.0,0.0,Successful
Marc Cucurella,Spain,17,54,Pass,Pass,FirstHalf,42.5,85.5,47.2,66.2,Successful
Rodri,Spain,17,57,Pass,Pass,FirstHalf,53.7,59.3,70.5,93.6,Successful
Álex Baena,Spain,18,1,Pass,Pass,FirstHalf,81.1,87.3,97.3,70.4,Successful
Marc Cucurella,Spain,18,3,Pass,Pass,FirstHalf,98.3,72.6,98.4,71.1,Unsuccessful
Rúben Dias,Portugal,18,3,BlockedPass,BlockedPass,FirstHalf,1.6,28.9,0.0,0.0,Successful
Pedro Neto,Portugal,18,7,Ball Recovery,BallRecovery,FirstHalf,6.0,17.7,0.0,0.0,Successful
Pedro Neto,Portugal,18,7,Unsuccessful Dribble,TakeOn,FirstHalf,4.0,14.7,0.0,0.0,Unsuccessful
Pedro Neto,Portugal,18,8,Foul,Foul,FirstHalf,5.4,14.6,0.0,0.0,Successful
Álex Baena,Spain,18,8,Foul,Foul,FirstHalf,94.6,85.4,0.0,0.0,Unsuccessful
Diogo Costa,Portugal,18,37,Long Pass,Pass,FirstHalf,9.0,23.1,89.6,88.5,Unsuccessful
Pau Cubarsí,Spain,18,45,Clearance,Clearance,FirstHalf,13.7,16.3,27.8,19.1,Successful
Rodri,Spain,18,48,BallTouch,BallTouch,FirstHalf,27.8,19.1,0.0,0.0,Successful
Lamine Yamal,Spain,18,49,Ball Recovery,BallRecovery,FirstHalf,31.3,9.2,0.0,0.0,Successful
Lamine Yamal,Spain,18,50,Pass,Pass,FirstHalf,30.9,11.2,27.6,37.1,Successful
Pedri,Spain,18,56,Pass,Pass,FirstHalf,36.7,68.7,54.4,43.9,Unsuccessful
Renato Veiga,Portugal,18,59,Pass,Pass,FirstHalf,44.5,53.1,40.5,33.0,Successful
Rúben Dias,Portugal,19,1,Ball Recovery,BallRecovery,FirstHalf,40.5,33.0,0.0,0.0,Successful
Rúben Dias,Portugal,19,1,Pass,Pass,FirstHalf,40.5,33.0,40.8,12.6,Successful
João Cancelo,Portugal,19,2,Pass,Pass,FirstHalf,40.8,12.6,26.7,24.4,Successful
Rúben Dias,Portugal,19,6,Pass,Pass,FirstHalf,26.9,25.6,32.7,32.8,Successful
Vitinha,Portugal,19,8,Pass,Pass,FirstHalf,32.7,32.8,24.4,31.0,Successful
Rúben Dias,Portugal,19,11,Pass,Pass,FirstHalf,29.6,31.3,26.7,59.7,Successful
Renato Veiga,Portugal,19,14,Pass,Pass,FirstHalf,26.7,59.7,34.1,58.3,Successful
Vitinha,Portugal,19,19,Pass,Pass,FirstHalf,45.5,74.8,57.1,94.9,Successful
João Neves,Portugal,19,22,Pass,Pass,FirstHalf,57.1,94.9,40.2,80.1,Successful
Nuno Mendes,Portugal,19,26,Pass,Pass,FirstHalf,40.7,81.9,36.1,65.7,Successful
Renato Veiga,Portugal,19,28,Pass,Pass,FirstHalf,38.5,71.1,55.6,95.2,Successful
João Neves,Portugal,19,32,Pass,Pass,FirstHalf,61.7,94.6,44.0,88.5,Successful
Nuno Mendes,Portugal,19,34,Pass,Pass,FirstHalf,44.0,88.5,55.2,86.1,Successful
Vitinha,Portugal,19,35,Pass,Pass,FirstHalf,55.2,86.1,38.8,90.1,Successful
Nuno Mendes,Portugal,19,37,Pass,Pass,FirstHalf,41.5,90.3,68.6,89.7,Successful
Cristiano Ronaldo,Portugal,19,38,Pass,Pass,FirstHalf,68.6,89.7,67.1,96.0,Successful
João Neves,Portugal,19,39,Pass,Pass,FirstHalf,67.1,96.0,61.2,83.7,Successful
Vitinha,Portugal,19,41,Pass,Pass,FirstHalf,61.2,83.7,73.1,96.1,Successful
João Neves,Portugal,19,44,Pass,Pass,FirstHalf,66.0,94.8,37.2,92.4,Successful
Nuno Mendes,Portugal,19,47,Pass,Pass,FirstHalf,37.2,92.4,42.9,52.6,Successful
Renato Veiga,Portugal,19,51,Pass,Pass,FirstHalf,42.9,52.6,48.2,53.2,Successful
Bruno Fernandes,Portugal,19,52,Pass,Pass,FirstHalf,48.2,53.2,48.5,24.7,Successful
Rúben Dias,Portugal,19,54,Pass,Pass,FirstHalf,48.5,24.7,71.5,1.9,Successful
Bruno Fernandes,Portugal,20,0,Offside,OffsideGiven,FirstHalf,86.9,24.8,0.0,0.0,Unsuccessful
Pedro Neto,Portugal,20,0,Pass,Pass,FirstHalf,72.6,10.9,72.8,20.4,Successful
João Cancelo,Portugal,20,1,Pass,Pass,FirstHalf,72.8,20.4,67.6,10.2,Successful
Pedro Neto,Portugal,20,3,Pass,Pass,FirstHalf,67.6,10.2,78.2,7.2,Successful
João Cancelo,Portugal,20,5,Offside,OffsidePass,FirstHalf,81.3,6.6,86.9,24.8,Successful
Pedro Porro,Spain,20,5,OffsideProvoked,OffsideProvoked,FirstHalf,15.2,40.5,0.0,0.0,Successful
Aymeric Laporte,Spain,20,24,Pass,Pass,FirstHalf,12.1,74.6,8.5,53.4,Successful
Unai Simón,Spain,20,29,Pass,Pass,FirstHalf,9.5,48.9,22.1,20.8,Successful
Pau Cubarsí,Spain,20,33,Pass,Pass,FirstHalf,25.3,16.0,35.7,36.8,Successful
Dani Olmo,Spain,20,35,Pass,Pass,FirstHalf,36.3,38.5,31.1,58.5,Successful
Pedri,Spain,20,41,Pass,Pass,FirstHalf,36.7,59.6,34.3,44.5,Successful
Rodri,Spain,20,45,Pass,Pass,FirstHalf,41.1,43.6,44.1,55.1,Successful
Pedri,Spain,20,46,Pass,Pass,FirstHalf,44.1,55.2,53.8,72.0,Successful
Dani Olmo,Spain,20,48,Pass,Pass,FirstHalf,55.1,72.3,65.0,80.9,Successful
Álex Baena,Spain,20,50,Pass,Pass,FirstHalf,64.7,80.9,57.6,83.7,Successful
Dani Olmo,Spain,20,55,Pass,Pass,FirstHalf,55.9,72.3,53.7,62.4,Successful
Pedri,Spain,20,56,Pass,Pass,FirstHalf,53.7,62.4,58.5,70.7,Successful
Dani Olmo,Spain,20,58,Pass,Pass,FirstHalf,59.1,69.5,69.6,68.0,Successful
Álex Baena,Spain,20,59,Pass,Pass,FirstHalf,69.7,68.3,66.5,93.9,Successful
Marc Cucurella,Spain,21,2,Pass,Pass,FirstHalf,65.2,94.8,59.0,75.2,Successful
Dani Olmo,Spain,21,4,Pass,Pass,FirstHalf,59.1,74.4,71.4,76.1,Successful
Álex Baena,Spain,21,8,Pass,Pass,FirstHalf,67.2,68.4,64.3,39.8,Successful
Rodri,Spain,21,10,Pass,Pass,FirstHalf,64.8,38.5,64.4,65.0,Successful
Pedri,Spain,21,16,Pass,Pass,FirstHalf,57.6,72.3,64.0,91.8,Successful
Álex Baena,Spain,21,25,Foul,Foul,FirstHalf,77.5,88.8,0.0,0.0,Successful
João Cancelo,Portugal,21,25,Foul,Foul,FirstHalf,22.6,11.2,0.0,0.0,Unsuccessful
Álex Baena,Spain,22,19,Cross,Pass,FirstHalf,79.3,93.0,90.5,58.4,Unsuccessful
Bruno Fernandes,Portugal,22,20,Clearance,Clearance,FirstHalf,9.5,41.5,28.7,52.0,Successful
Pedro Porro,Spain,22,23,Shot off Target,MissedShots,FirstHalf,71.9,49.9,0.0,0.0,Successful
Marc Cucurella,Spain,22,25,BallTouch,BallTouch,FirstHalf,84.2,56.4,0.0,0.0,Successful
Renato Veiga,Portugal,25,58,Pass,Pass,FirstHalf,4.8,57.6,3.1,47.8,Successful
Diogo Costa,Portugal,26,0,Pass,Pass,FirstHalf,7.3,47.4,14.1,11.5,Successful
Rúben Dias,Portugal,26,3,Long Pass,Pass,FirstHalf,14.1,11.5,59.7,3.6,Unsuccessful
Marc Cucurella,Spain,26,11,Ball Recovery,BallRecovery,FirstHalf,20.9,96.3,0.0,0.0,Successful
Marc Cucurella,Spain,26,12,Pass,Pass,FirstHalf,19.0,96.3,9.6,66.0,Successful
Unai Simón,Spain,26,21,Pass,Pass,FirstHalf,18.8,47.6,26.4,17.5,Successful
Pau Cubarsí,Spain,26,24,Pass,Pass,FirstHalf,31.3,11.9,55.6,2.8,Successful
Pedro Porro,Spain,26,30,Pass,Pass,FirstHalf,58.1,4.3,60.1,4.0,Unsuccessful
João Félix,Portugal,26,30,BlockedPass,BlockedPass,FirstHalf,39.9,96.0,0.0,0.0,Successful
Pedro Porro,Spain,26,43,Throw In,Pass,FirstHalf,56.5,0.0,39.3,8.0,Successful
Pau Cubarsí,Spain,26,47,Pass,Pass,FirstHalf,36.3,12.5,38.7,31.6,Successful
Rodri,Spain,26,49,Pass,Pass,FirstHalf,37.5,32.5,19.9,44.5,Successful
Unai Simón,Spain,26,59,Long Pass,Pass,FirstHalf,20.2,44.8,50.9,14.6,Unsuccessful
Nuno Mendes,Portugal,27,1,Pass,Pass,FirstHalf,49.0,85.7,62.7,66.7,Successful
Bruno Fernandes,Portugal,27,4,Ball Recovery,BallRecovery,FirstHalf,64.1,72.0,0.0,0.0,Successful
Bruno Fernandes,Portugal,27,4,Chipped Pass,Pass,FirstHalf,64.1,72.0,57.6,90.6,Successful
Nuno Mendes,Portugal,27,7,Unsuccessful Dribble,TakeOn,FirstHalf,59.6,91.1,0.0,0.0,Unsuccessful
Lamine Yamal,Spain,27,7,Successful Tackle,Tackle,FirstHalf,40.4,9.0,0.0,0.0,Successful
Nuno Mendes,Portugal,27,23,Long Pass,Pass,FirstHalf,58.3,100.0,76.2,83.8,Unsuccessful
Pedro Porro,Spain,27,26,Pass,Pass,FirstHalf,23.6,14.9,41.4,40.4,Unsuccessful
Rúben Dias,Portugal,27,29,Pass,Pass,FirstHalf,58.8,58.9,67.1,65.7,Successful
João Neves,Portugal,27,30,Chipped Pass,Pass,FirstHalf,67.1,65.7,67.9,84.7,Successful
Bruno Fernandes,Portugal,27,32,Pass,Pass,FirstHalf,67.9,84.7,62.4,65.8,Successful
Vitinha,Portugal,27,35,Long Pass,Pass,FirstHalf,66.5,63.6,64.6,13.5,Successful
João Cancelo,Portugal,27,39,Pass,Pass,FirstHalf,68.4,24.3,70.9,30.9,Successful
Cristiano Ronaldo,Portugal,27,41,Pass,Pass,FirstHalf,69.1,25.2,73.2,4.0,Successful
Pedro Neto,Portugal,27,44,Pass,Pass,FirstHalf,74.0,3.9,67.5,10.3,Successful
Cristiano Ronaldo,Portugal,27,45,Pass,Pass,FirstHalf,67.5,10.3,75.4,2.8,Successful
Pedro Neto,Portugal,27,47,Pass,Pass,FirstHalf,75.4,2.8,53.8,6.9,Successful
Rúben Dias,Portugal,27,49,Pass,Pass,FirstHalf,58.3,10.9,53.8,43.2,Successful
Vitinha,Portugal,27,55,Pass,Pass,FirstHalf,62.1,60.6,66.1,79.8,Unsuccessful
Lamine Yamal,Spain,27,57,BallTouch,BallTouch,FirstHalf,37.5,25.2,0.0,0.0,Successful
Bruno Fernandes,Portugal,27,57,Pass,Pass,FirstHalf,64.5,97.3,53.9,82.6,Successful
Nuno Mendes,Portugal,28,2,Pass,Pass,FirstHalf,54.0,75.2,37.6,63.2,Successful
Renato Veiga,Portugal,28,8,Pass,Pass,FirstHalf,45.2,52.3,47.3,16.8,Successful
Rúben Dias,Portugal,28,11,Pass,Pass,FirstHalf,46.9,10.2,68.5,2.4,Successful
João Cancelo,Portugal,28,15,Pass,Pass,FirstHalf,67.0,4.6,59.2,25.9,Successful
João Neves,Portugal,28,19,Unsuccessful Dribble,TakeOn,FirstHalf,62.9,11.1,0.0,0.0,Unsuccessful
Álex Baena,Spain,28,19,Successful Tackle,Tackle,FirstHalf,37.1,88.9,0.0,0.0,Successful
Mikel Oyarzabal,Spain,28,21,BallTouch,BallTouch,FirstHalf,42.0,84.0,0.0,0.0,Successful
Rodri,Spain,28,22,Ball Recovery,BallRecovery,FirstHalf,39.1,75.8,0.0,0.0,Successful
Rodri,Spain,28,23,Pass,Pass,FirstHalf,39.1,75.8,49.0,56.1,Successful
Dani Olmo,Spain,28,24,Through Ball,Pass,FirstHalf,50.3,55.8,70.6,43.7,Unsuccessful
Renato Veiga,Portugal,28,27,Interception,Interception,FirstHalf,29.4,56.3,0.0,0.0,Successful
Nuno Mendes,Portugal,28,28,BallTouch,BallTouch,FirstHalf,28.1,69.3,0.0,0.0,Successful
Renato Veiga,Portugal,28,29,Ball Recovery,BallRecovery,FirstHalf,24.8,72.9,0.0,0.0,Successful
Renato Veiga,Portugal,28,29,Pass,Pass,FirstHalf,24.8,72.9,28.7,84.3,Successful
Bruno Fernandes,Portugal,28,29,Pass,Pass,FirstHalf,28.7,84.3,28.8,71.1,Successful
Vitinha,Portugal,28,32,Pass,Pass,FirstHalf,28.8,71.1,19.4,74.5,Successful
Renato Veiga,Portugal,28,35,Pass,Pass,FirstHalf,20.4,74.6,20.7,60.3,Successful
Nuno Mendes,Portugal,28,36,BallTouch,BallTouch,FirstHalf,21.5,66.0,0.0,0.0,Successful
Vitinha,Portugal,28,37,Pass,Pass,FirstHalf,28.4,59.8,20.9,33.0,Successful
Rúben Dias,Portugal,28,39,Pass,Pass,FirstHalf,20.9,33.0,23.7,60.7,Successful
Renato Veiga,Portugal,28,43,Long Pass,Pass,FirstHalf,27.8,62.2,68.8,21.7,Successful
Pedro Neto,Portugal,28,50,BallTouch,BallTouch,FirstHalf,69.5,23.8,0.0,0.0,Unsuccessful
,Spain,28,50,Foul,Foul,FirstHalf,31.0,77.4,0.0,0.0,Successful
Pedro Neto,Portugal,28,50,Foul,Foul,FirstHalf,69.0,22.6,0.0,0.0,Unsuccessful
Marc Cucurella,Spain,28,59,Pass,Pass,FirstHalf,34.5,72.8,30.6,51.8,Successful
Pau Cubarsí,Spain,29,1,Pass,Pass,FirstHalf,30.6,51.8,32.8,69.3,Successful
Aymeric Laporte,Spain,29,3,Pass,Pass,FirstHalf,31.4,68.0,28.8,50.6,Successful
Pau Cubarsí,Spain,29,13,Pass,Pass,FirstHalf,64.7,52.2,66.0,39.1,Successful
Dani Olmo,Spain,29,15,Pass,Pass,FirstHalf,66.0,37.7,72.1,14.6,Successful
Lamine Yamal,Spain,29,19,Pass,Pass,FirstHalf,75.2,11.2,93.0,18.1,Successful
Pedro Porro,Spain,29,21,Cross,Pass,FirstHalf,93.9,17.8,93.6,19.9,Unsuccessful
Nuno Mendes,Portugal,29,21,Clearance,Clearance,FirstHalf,6.4,80.1,0.0,0.0,Successful
Nuno Mendes,Portugal,29,22,CornerAwarded,CornerAwarded,FirstHalf,6.3,80.8,0.0,0.0,Unsuccessful
Pedro Porro,Spain,29,22,CornerAwarded,CornerAwarded,FirstHalf,94.0,19.9,0.0,0.0,Successful
Álex Baena,Spain,29,47,Pass,Pass,FirstHalf,99.5,0.5,90.1,4.4,Successful
Dani Olmo,Spain,29,50,Pass,Pass,FirstHalf,89.7,4.4,85.3,2.9,Successful
Álex Baena,Spain,29,51,Pass,Pass,FirstHalf,85.3,2.9,75.6,17.5,Successful
Lamine Yamal,Spain,29,53,Pass,Pass,FirstHalf,72.9,18.7,68.8,37.1,Successful
Pedro Porro,Spain,29,56,Long Pass,Pass,FirstHalf,68.8,37.6,85.0,84.6,Successful
Marc Cucurella,Spain,30,0,Pass,Pass,FirstHalf,83.8,89.9,72.2,72.8,Successful
Pedri,Spain,30,3,Through Ball,Pass,FirstHalf,71.9,69.7,96.2,48.7,Unsuccessful
Diogo Costa,Portugal,30,6,Clearance,Clearance,FirstHalf,3.3,51.9,9.7,59.7,Successful
Dani Olmo,Spain,30,7,Shot off Target,MissedShots,FirstHalf,91.5,43.4,0.0,0.0,Successful
Renato Veiga,Portugal,30,28,Pass,Pass,FirstHalf,4.7,58.0,5.2,47.8,Successful
Diogo Costa,Portugal,30,31,Pass,Pass,FirstHalf,7.3,42.7,12.9,12.9,Successful
Rúben Dias,Portugal,30,34,Pass,Pass,FirstHalf,11.7,14.3,14.7,1.5,Successful
João Cancelo,Portugal,30,36,Pass,Pass,FirstHalf,15.0,2.9,37.7,18.0,Successful
Cristiano Ronaldo,Portugal,30,40,Foul,Foul,FirstHalf,38.0,15.2,0.0,0.0,Successful
Aymeric Laporte,Spain,30,40,Foul,Foul,FirstHalf,62.0,84.7,0.0,0.0,Unsuccessful
João Cancelo,Portugal,30,54,Pass,Pass,FirstHalf,31.8,15.4,27.0,34.5,Successful
Rúben Dias,Portugal,30,56,Pass,Pass,FirstHalf,27.0,34.5,24.1,65.1,Successful
Renato Veiga,Portugal,30,57,Pass,Pass,FirstHalf,24.1,65.1,21.5,89.2,Successful
Nuno Mendes,Portugal,31,0,Pass,Pass,FirstHalf,21.5,89.2,34.3,98.1,Successful
Bruno Fernandes,Portugal,31,1,Pass,Pass,FirstHalf,34.3,98.1,40.4,97.8,Unsuccessful
Pedro Porro,Spain,31,1,BlockedPass,BlockedPass,FirstHalf,59.6,2.2,0.0,0.0,Successful
Nuno Mendes,Portugal,31,21,Throw In,Pass,FirstHalf,36.6,100.0,52.5,89.8,Successful
Bruno Fernandes,Portugal,31,23,BallTouch,BallTouch,FirstHalf,52.3,89.8,0.0,0.0,Unsuccessful
Rodri,Spain,31,23,Pass,Pass,FirstHalf,46.4,19.7,58.2,19.1,Successful
Lamine Yamal,Spain,31,25,Loss of Possession,Dispossessed,FirstHalf,58.6,23.6,0.0,0.0,Successful
Nuno Mendes,Portugal,31,25,Successful Tackle,Tackle,FirstHalf,41.4,76.4,0.0,0.0,Successful
Nuno Mendes,Portugal,31,26,Pass,Pass,FirstHalf,38.2,84.3,20.9,94.3,Successful
Bruno Fernandes,Portugal,31,31,Long Pass,Pass,FirstHalf,22.6,94.9,58.6,65.7,Unsuccessful
Aymeric Laporte,Spain,31,37,BallTouch,BallTouch,FirstHalf,41.5,32.5,0.0,0.0,Successful
Unai Simón,Spain,31,41,KeeperPickup,KeeperPickup,FirstHalf,13.6,25.0,0.0,0.0,Successful
Unai Simón,Spain,31,44,Pass,Pass,FirstHalf,14.0,35.0,26.7,35.0,Successful
Rodri,Spain,31,49,Pass,Pass,FirstHalf,40.2,35.3,42.5,66.2,Successful
Pedri,Spain,31,53,Pass,Pass,FirstHalf,45.3,51.6,52.7,25.4,Successful
Pau Cubarsí,Spain,31,55,Pass,Pass,FirstHalf,53.7,24.2,64.1,23.9,Unsuccessful
João Félix,Portugal,31,58,Interception,Interception,FirstHalf,35.9,76.1,0.0,0.0,Successful
Diogo Costa,Portugal,32,0,Ball Recovery,BallRecovery,FirstHalf,8.1,54.0,0.0,0.0,Successful
Diogo Costa,Portugal,32,3,Pass,Pass,FirstHalf,7.5,52.1,12.5,60.3,Successful
Renato Veiga,Portugal,32,5,Pass,Pass,FirstHalf,12.4,59.9,3.6,43.0,Successful
Diogo Costa,Portugal,32,10,Long Pass,Pass,FirstHalf,6.9,43.3,39.9,39.4,Unsuccessful
Aymeric Laporte,Spain,32,11,Interception,Interception,FirstHalf,60.1,60.6,0.0,0.0,Successful
Renato Veiga,Portugal,32,16,Long Pass,Pass,FirstHalf,10.7,84.0,55.2,93.0,Successful
João Félix,Portugal,32,20,Pass,Pass,FirstHalf,54.1,91.0,52.8,96.9,Successful
Bruno Fernandes,Portugal,32,21,Unsuccessful Dribble,TakeOn,FirstHalf,56.6,96.9,0.0,0.0,Unsuccessful
Pedro Porro,Spain,32,21,Successful Tackle,Tackle,FirstHalf,43.4,3.1,0.0,0.0,Successful
Pedro Porro,Spain,32,22,Ball Recovery,BallRecovery,FirstHalf,44.4,3.5,0.0,0.0,Successful
Pedro Porro,Spain,32,23,Pass,Pass,FirstHalf,44.4,3.5,43.0,12.2,Successful
Rodri,Spain,32,25,Pass,Pass,FirstHalf,43.2,12.4,46.9,30.2,Successful
Pedri,Spain,32,27,Pass,Pass,FirstHalf,45.1,29.8,36.8,25.6,Successful
Pau Cubarsí,Spain,32,29,Pass,Pass,FirstHalf,37.1,25.9,44.4,21.8,Successful
Rodri,Spain,32,33,Pass,Pass,FirstHalf,44.1,25.7,37.8,32.8,Successful
Pau Cubarsí,Spain,32,35,Pass,Pass,FirstHalf,37.4,34.9,45.2,48.4,Successful
Pedri,Spain,32,37,Pass,Pass,FirstHalf,44.9,44.2,60.4,29.2,Successful
Dani Olmo,Spain,32,38,Pass,Pass,FirstHalf,60.9,29.3,64.9,40.0,Successful
Mikel Oyarzabal,Spain,32,41,Pass,Pass,FirstHalf,65.9,45.4,64.4,69.8,Successful
Álex Baena,Spain,32,43,Pass,Pass,FirstHalf,64.9,71.6,73.0,96.5,Successful
Marc Cucurella,Spain,32,46,Pass,Pass,FirstHalf,71.5,96.0,65.8,87.6,Successful
Álex Baena,Spain,32,49,Pass,Pass,FirstHalf,65.7,75.2,64.2,59.4,Successful
Pedri,Spain,32,51,Pass,Pass,FirstHalf,65.3,52.2,66.1,25.9,Successful
Pedro Porro,Spain,32,53,Pass,Pass,FirstHalf,66.1,19.5,82.1,8.5,Successful
Lamine Yamal,Spain,32,58,Pass,Pass,FirstHalf,91.4,15.7,97.1,29.9,Successful
Dani Olmo,Spain,33,0,Pass,Pass,FirstHalf,97.2,29.3,95.7,52.6,Unsuccessful
João Cancelo,Portugal,33,2,Clearance,Clearance,FirstHalf,4.1,47.4,21.3,100.0,Successful
Pedro Porro,Spain,33,9,Throw In,Pass,FirstHalf,68.1,0.0,55.3,20.5,Successful
Pau Cubarsí,Spain,33,12,Pass,Pass,FirstHalf,55.4,20.9,62.1,38.0,Successful
Pedri,Spain,33,15,Pass,Pass,FirstHalf,61.7,38.6,61.7,64.2,Successful
Aymeric Laporte,Spain,33,20,Pass,Pass,FirstHalf,73.5,71.6,85.0,77.9,Successful
Álex Baena,Spain,33,21,Unsuccessful Dribble,TakeOn,FirstHalf,92.4,79.2,0.0,0.0,Unsuccessful
Álex Baena,Spain,33,27,Pass,Pass,FirstHalf,91.9,88.4,80.7,95.0,Successful
Marc Cucurella,Spain,33,28,Pass,Pass,FirstHalf,79.7,95.0,74.0,83.9,Successful
Aymeric Laporte,Spain,33,31,Pass,Pass,FirstHalf,75.9,83.7,86.7,96.2,Successful
Álex Baena,Spain,33,34,Cross,Pass,FirstHalf,85.1,90.3,89.9,46.1,Unsuccessful
Renato Veiga,Portugal,33,36,Clearance,Clearance,FirstHalf,10.5,53.0,28.4,62.2,Successful
Pedro Porro,Spain,33,37,Pass,Pass,FirstHalf,73.3,42.4,74.4,50.9,Successful
Rodri,Spain,33,39,Pass,Pass,FirstHalf,72.5,49.3,68.0,60.7,Successful
Pedri,Spain,33,41,Pass,Pass,FirstHalf,66.4,63.6,64.4,76.5,Successful
Aymeric Laporte,Spain,33,43,Pass,Pass,FirstHalf,67.2,76.4,76.9,37.7,Successful
Mikel Oyarzabal,Spain,33,45,Pass,Pass,FirstHalf,75.9,37.4,72.0,44.6,Successful
Rodri,Spain,33,49,Pass,Pass,FirstHalf,74.9,34.8,71.4,19.9,Successful
Pedro Porro,Spain,33,51,Pass,Pass,FirstHalf,72.5,17.4,76.6,6.0,Successful
Lamine Yamal,Spain,33,53,Pass,Pass,FirstHalf,79.5,6.2,74.2,33.2,Successful
Pedri,Spain,33,57,Pass,Pass,FirstHalf,79.8,28.3,88.2,17.8,Successful
Lamine Yamal,Spain,33,58,Unsuccessful Dribble,TakeOn,FirstHalf,90.0,23.5,0.0,0.0,Unsuccessful
Nuno Mendes,Portugal,33,58,Successful Tackle,Tackle,FirstHalf,10.0,76.5,0.0,0.0,Successful
João Félix,Portugal,34,2,Ball Recovery,BallRecovery,FirstHalf,10.1,83.7,0.0,0.0,Successful
João Félix,Portugal,34,3,Foul,Foul,FirstHalf,16.8,86.3,0.0,0.0,Successful
Lamine Yamal,Spain,34,3,Foul,Foul,FirstHalf,83.2,13.7,0.0,0.0,Unsuccessful
Nuno Mendes,Portugal,34,22,Long Pass,Pass,FirstHalf,16.9,92.4,34.8,7.3,Successful
João Cancelo,Portugal,34,28,Long Pass,Pass,FirstHalf,24.6,16.2,6.8,55.6,Successful
Diogo Costa,Portugal,34,31,Pass,Pass,FirstHalf,6.4,54.6,8.1,72.8,Successful
Renato Veiga,Portugal,34,38,Long Pass,Pass,FirstHalf,2.8,99.1,30.0,100.0,Unsuccessful
Pedro Porro,Spain,34,43,Throw In,Pass,FirstHalf,70.1,0.0,56.1,5.8,Successful
Pau Cubarsí,Spain,34,46,Pass,Pass,FirstHalf,56.5,6.5,56.4,25.1,Successful
Rodri,Spain,34,48,Pass,Pass,FirstHalf,56.8,26.6,59.7,38.9,Successful
Pedri,Spain,34,51,Pass,Pass,FirstHalf,54.2,30.5,54.4,13.7,Successful
Pau Cubarsí,Spain,34,56,Pass,Pass,FirstHalf,55.1,12.1,57.6,6.7,Successful
Pedro Porro,Spain,34,57,Pass,Pass,FirstHalf,57.4,6.4,43.9,13.7,Successful
Pau Cubarsí,Spain,34,59,Pass,Pass,FirstHalf,43.0,14.3,41.4,30.1,Successful
Rodri,Spain,35,2,Pass,Pass,FirstHalf,41.2,31.9,45.0,19.9,Successful
Pau Cubarsí,Spain,35,4,Through Ball,Pass,FirstHalf,53.3,15.8,85.7,31.1,Unsuccessful
Diogo Costa,Portugal,35,5,KeeperSweeper,KeeperSweeper,FirstHalf,14.9,66.1,0.0,0.0,Successful
Diogo Costa,Portugal,35,6,KeeperPickup,KeeperPickup,FirstHalf,13.7,68.0,0.0,0.0,Successful
Diogo Costa,Portugal,35,13,Pass,Pass,FirstHalf,15.8,57.0,19.2,65.2,Successful
Renato Veiga,Portugal,35,15,Pass,Pass,FirstHalf,19.2,65.2,29.5,57.0,Successful
Vitinha,Portugal,35,18,Pass,Pass,FirstHalf,18.8,59.7,6.5,44.4,Successful
Diogo Costa,Portugal,35,20,Pass,Pass,FirstHalf,7.0,40.5,27.1,8.4,Successful
Rúben Dias,Portugal,35,25,Long Pass,Pass,FirstHalf,28.1,3.7,60.0,3.9,Unsuccessful
Marc Cucurella,Spain,35,26,Pass,Pass,FirstHalf,43.2,95.6,54.2,90.2,Successful
Rodri,Spain,35,27,Pass,Pass,FirstHalf,54.2,90.2,57.5,97.7,Unsuccessful
João Cancelo,Portugal,35,29,Interception,Interception,FirstHalf,42.5,2.3,0.0,0.0,Successful
Marc Cucurella,Spain,35,31,Throw In,Pass,FirstHalf,45.9,100.0,38.8,94.7,Successful
Rodri,Spain,35,35,Pass,Pass,FirstHalf,39.5,84.6,41.0,62.0,Successful
Pedri,Spain,35,41,Pass,Pass,FirstHalf,42.8,39.8,53.8,23.8,Successful
Pau Cubarsí,Spain,35,46,Pass,Pass,FirstHalf,69.8,24.5,68.0,37.6,Successful
Pedri,Spain,35,49,Pass,Pass,FirstHalf,68.3,38.9,74.8,68.1,Successful
Mikel Oyarzabal,Spain,35,51,Loss of Possession,Dispossessed,FirstHalf,73.6,63.7,0.0,0.0,Successful
Pedro Neto,Portugal,35,51,Successful Tackle,Tackle,FirstHalf,26.4,36.3,0.0,0.0,Successful
Bruno Fernandes,Portugal,35,53,Ball Recovery,BallRecovery,FirstHalf,25.4,51.3,0.0,0.0,Successful
Bruno Fernandes,Portugal,35,53,Pass,Pass,FirstHalf,25.4,51.3,33.2,47.8,Successful
João Neves,Portugal,35,54,Pass,Pass,FirstHalf,34.0,46.4,21.2,16.4,Successful
João Cancelo,Portugal,35,59,Chipped Pass,Pass,FirstHalf,13.4,25.5,30.2,60.4,Successful
Vitinha,Portugal,36,2,Pass,Pass,FirstHalf,29.5,60.6,43.9,63.7,Successful
Cristiano Ronaldo,Portugal,36,4,Pass,Pass,FirstHalf,41.9,61.9,24.0,49.9,Successful
Renato Veiga,Portugal,36,7,Pass,Pass,FirstHalf,24.8,51.4,46.6,83.1,Successful
Cristiano Ronaldo,Portugal,36,10,Pass,Pass,FirstHalf,47.3,83.1,60.8,95.5,Successful
João Félix,Portugal,36,12,Successful Dribble,TakeOn,FirstHalf,58.8,91.2,0.0,0.0,Successful
Pedri,Spain,36,12,Challenge,Challenge,FirstHalf,41.2,8.8,0.0,0.0,Unsuccessful
João Félix,Portugal,36,13,Pass,Pass,FirstHalf,58.4,89.8,59.6,73.8,Successful
Vitinha,Portugal,36,16,Pass,Pass,FirstHalf,59.4,70.5,54.0,54.0,Successful
João Neves,Portugal,36,19,Pass,Pass,FirstHalf,59.5,43.2,62.7,17.2,Successful
João Cancelo,Portugal,36,21,Pass,Pass,FirstHalf,61.7,17.8,71.1,3.9,Successful
Bruno Fernandes,Portugal,36,28,Pass,Pass,FirstHalf,72.0,5.7,79.1,2.5,Successful
Pedro Neto,Portugal,36,31,Cross,Pass,FirstHalf,80.5,7.6,97.4,60.3,Successful
João Félix,Portugal,36,32,Pass,Pass,FirstHalf,98.3,60.7,98.0,55.2,Unsuccessful
Unai Simón,Spain,36,33,BallTouch,BallTouch,FirstHalf,2.0,44.8,0.0,0.0,Successful
Cristiano Ronaldo,Portugal,36,34,Shot on Target,SavedShot,FirstHalf,95.2,57.3,0.0,0.0,Successful
Unai Simón,Spain,36,34,Save,Save,FirstHalf,1.3,48.7,0.0,0.0,Successful
Unai Simón,Spain,36,37,KeeperPickup,KeeperPickup,FirstHalf,3.2,49.1,0.0,0.0,Successful
Unai Simón,Spain,38,40,KeeperPickup,KeeperPickup,FirstHalf,14.3,45.1,0.0,0.0,Successful
Unai Simón,Spain,38,52,Long Pass,Pass,FirstHalf,20.8,42.7,71.9,37.3,Unsuccessful
Renato Veiga,Portugal,38,56,Clearance,Clearance,FirstHalf,23.6,62.1,39.0,67.0,Successful
Dani Olmo,Spain,38,58,Chipped Pass,Pass,FirstHalf,62.8,31.4,76.5,21.4,Unsuccessful
Nuno Mendes,Portugal,38,59,Ball Recovery,BallRecovery,FirstHalf,37.9,97.0,0.0,0.0,Successful
Nuno Mendes,Portugal,38,59,Pass,Pass,FirstHalf,27.3,89.7,34.5,94.2,Successful
João Félix,Portugal,39,1,Foul,Foul,FirstHalf,36.8,94.8,0.0,0.0,Successful
Pedro Porro,Spain,39,1,Foul,Foul,FirstHalf,63.2,5.2,0.0,0.0,Unsuccessful
Nuno Mendes,Portugal,39,27,Long Pass,Pass,FirstHalf,37.3,95.1,90.7,4.5,Successful
João Cancelo,Portugal,39,36,Unsuccessful Dribble,TakeOn,FirstHalf,98.2,7.0,0.0,0.0,Unsuccessful
Álex Baena,Spain,39,36,Successful Tackle,Tackle,FirstHalf,1.8,93.0,0.0,0.0,Successful
João Cancelo,Portugal,39,37,CornerAwarded,CornerAwarded,FirstHalf,97.8,7.0,0.0,0.0,Successful
Álex Baena,Spain,39,37,CornerAwarded,CornerAwarded,FirstHalf,2.2,93.0,0.0,0.0,Unsuccessful
Nuno Mendes,Portugal,40,41,Pass,Pass,FirstHalf,99.5,0.5,97.6,16.8,Successful
João Félix,Portugal,40,44,Key Pass,Pass,FirstHalf,97.3,11.7,84.5,24.0,Successful
Nuno Mendes,Portugal,40,47,Shot on Target,SavedShot,FirstHalf,82.4,28.0,0.0,0.0,Successful
Pedro Porro,Spain,40,47,Save,Save,FirstHalf,9.4,58.5,0.0,0.0,Successful
Nuno Mendes,Portugal,41,46,Throw In,Pass,FirstHalf,80.9,100.0,70.9,81.9,Successful
Vitinha,Portugal,41,49,Chipped Pass,Pass,FirstHalf,69.8,81.6,77.6,94.8,Successful
Nuno Mendes,Portugal,41,51,Cross,Pass,FirstHalf,78.9,96.5,85.0,86.5,Unsuccessful
Dani Olmo,Spain,41,52,BallTouch,BallTouch,FirstHalf,14.3,8.9,0.0,0.0,Successful
Pedri,Spain,41,55,Pass,Pass,FirstHalf,13.8,26.6,15.2,17.0,Unsuccessful
João Félix,Portugal,41,55,Loss of Possession,Dispossessed,FirstHalf,81.9,85.9,0.0,0.0,Successful
Dani Olmo,Spain,41,55,Successful Tackle,Tackle,FirstHalf,18.1,14.1,0.0,0.0,Successful
Pedro Porro,Spain,41,57,Pass,Pass,FirstHalf,20.1,31.1,26.0,28.3,Successful
Vitinha,Portugal,41,58,Challenge,Challenge,FirstHalf,70.1,68.8,0.0,0.0,Unsuccessful
Lamine Yamal,Spain,41,58,Successful Dribble,TakeOn,FirstHalf,29.9,31.2,0.0,0.0,Successful
Lamine Yamal,Spain,41,59,Ball Recovery,BallRecovery,FirstHalf,34.0,32.0,0.0,0.0,Successful
Lamine Yamal,Spain,42,2,Successful Dribble,TakeOn,FirstHalf,48.7,42.7,0.0,0.0,Successful
Pedro Neto,Portugal,42,2,Challenge,Challenge,FirstHalf,51.3,57.3,0.0,0.0,Unsuccessful
Lamine Yamal,Spain,42,3,Long Pass,Pass,FirstHalf,50.7,42.7,47.0,93.2,Successful
Álex Baena,Spain,42,10,Loss of Possession,Dispossessed,FirstHalf,65.2,97.2,0.0,0.0,Successful
João Cancelo,Portugal,42,10,Was Dribbled,Tackle,FirstHalf,34.8,2.8,0.0,0.0,Unsuccessful
Marc Cucurella,Spain,42,11,Pass,Pass,FirstHalf,56.6,95.9,58.2,82.8,Successful
Rodri,Spain,42,13,Pass,Pass,FirstHalf,57.9,74.1,66.8,46.4,Successful
Lamine Yamal,Spain,42,16,Loss of Possession,Dispossessed,FirstHalf,71.2,42.6,0.0,0.0,Successful
João Félix,Portugal,42,16,Successful Tackle,Tackle,FirstHalf,28.8,57.4,0.0,0.0,Successful
Diogo Costa,Portugal,42,20,KeeperPickup,KeeperPickup,FirstHalf,7.7,64.9,0.0,0.0,Successful
Diogo Costa,Portugal,42,32,Pass,Pass,FirstHalf,8.8,47.2,13.0,65.0,Successful
Renato Veiga,Portugal,42,37,Pass,Pass,FirstHalf,12.5,64.5,6.9,48.3,Successful
Diogo Costa,Portugal,42,42,Pass,Pass,FirstHalf,9.7,46.8,13.9,14.7,Successful
Rúben Dias,Portugal,42,45,Pass,Pass,FirstHalf,13.4,14.5,3.0,36.1,Successful
Diogo Costa,Portugal,42,48,Pass,Pass,FirstHalf,3.1,39.9,7.8,69.4,Successful
Renato Veiga,Portugal,42,51,Pass,Pass,FirstHalf,14.2,72.0,26.4,67.9,Successful
Vitinha,Portugal,42,55,Pass,Pass,FirstHalf,28.3,73.3,34.1,67.8,Successful
João Félix,Portugal,42,56,Pass,Pass,FirstHalf,30.4,70.8,40.4,98.1,Successful
Bruno Fernandes,Portugal,42,59,Long Pass,Pass,FirstHalf,42.4,96.3,68.2,58.9,Unsuccessful
Aymeric Laporte,Spain,43,2,Clearance,Clearance,FirstHalf,27.5,42.7,31.6,6.1,Successful
Pedri,Spain,43,5,BallTouch,BallTouch,FirstHalf,31.9,5.9,0.0,0.0,Unsuccessful
Bruno Fernandes,Portugal,43,8,Pass,Pass,FirstHalf,69.6,93.9,65.7,53.2,Successful
Cristiano Ronaldo,Portugal,43,14,Pass,Pass,FirstHalf,63.7,63.9,51.6,64.6,Successful
Renato Veiga,Portugal,43,15,Pass,Pass,FirstHalf,51.6,64.6,63.1,48.0,Successful
João Neves,Portugal,43,18,Pass,Pass,FirstHalf,61.7,56.0,46.4,44.6,Successful
Rúben Dias,Portugal,43,20,Pass,Pass,FirstHalf,45.9,38.8,61.6,6.0,Successful
João Cancelo,Portugal,43,24,Pass,Pass,FirstHalf,64.4,12.9,73.7,1.2,Successful
Pedro Neto,Portugal,43,28,Pass,Pass,FirstHalf,72.7,8.7,65.4,19.2,Successful
Vitinha,Portugal,43,30,Pass,Pass,FirstHalf,65.4,20.5,59.3,30.7,Successful
Rúben Dias,Portugal,43,35,Pass,Pass,FirstHalf,61.0,29.8,56.1,46.9,Successful
Renato Veiga,Portugal,43,37,Pass,Pass,FirstHalf,56.3,48.7,58.0,69.9,Successful
Bruno Fernandes,Portugal,43,40,Pass,Pass,FirstHalf,56.7,66.0,51.9,50.9,Successful
Renato Veiga,Portugal,43,45,Pass,Pass,FirstHalf,63.6,76.2,69.8,97.8,Successful
Nuno Mendes,Portugal,43,49,Unsuccessful Dribble,TakeOn,FirstHalf,69.6,92.6,0.0,0.0,Unsuccessful
Lamine Yamal,Spain,43,49,Successful Tackle,Tackle,FirstHalf,30.3,7.4,0.0,0.0,Successful
Lamine Yamal,Spain,43,51,BallTouch,BallTouch,FirstHalf,31.6,7.0,0.0,0.0,Unsuccessful
Nuno Mendes,Portugal,43,52,Unsuccessful Dribble,TakeOn,FirstHalf,76.5,90.8,0.0,0.0,Unsuccessful
Pedro Porro,Spain,43,52,Was Dribbled,Tackle,FirstHalf,23.5,9.2,0.0,0.0,Unsuccessful
Renato Veiga,Portugal,43,57,Pass,Pass,FirstHalf,65.7,93.9,78.7,95.1,Successful
Nuno Mendes,Portugal,43,59,Cross,Pass,FirstHalf,74.1,93.6,95.7,43.8,Unsuccessful
Unai Simón,Spain,44,2,Claim,Claim,FirstHalf,4.3,56.2,0.0,0.0,Successful
Unai Simón,Spain,44,9,Pass,Pass,FirstHalf,12.6,54.3,21.5,59.0,Successful
Aymeric Laporte,Spain,44,16,Pass,Pass,FirstHalf,35.0,65.4,37.7,39.4,Successful
Rodri,Spain,44,18,Pass,Pass,FirstHalf,37.7,39.4,33.5,50.1,Successful
Pau Cubarsí,Spain,44,19,Pass,Pass,FirstHalf,33.5,50.1,43.4,59.4,Successful
Aymeric Laporte,Spain,44,23,Pass,Pass,FirstHalf,51.7,54.2,52.0,33.2,Successful
Rodri,Spain,44,25,Pass,Pass,FirstHalf,53.1,29.8,72.9,4.6,Successful
Pedro Porro,Spain,44,28,Pass,Pass,FirstHalf,69.7,5.9,59.8,26.8,Successful
Rodri,Spain,44,31,Pass,Pass,FirstHalf,59.6,27.8,68.8,47.3,Successful
Dani Olmo,Spain,44,34,Pass,Pass,FirstHalf,69.5,54.4,80.6,90.4,Successful
Álex Baena,Spain,44,38,Pass,Pass,FirstHalf,82.0,93.2,74.2,82.2,Successful
Marc Cucurella,Spain,44,39,Pass,Pass,FirstHalf,73.7,81.8,68.2,70.8,Successful
Dani Olmo,Spain,44,42,Pass,Pass,FirstHalf,67.8,69.8,62.9,74.1,Successful
Aymeric Laporte,Spain,44,45,Pass,Pass,FirstHalf,68.1,76.4,72.9,78.3,Successful
Pedri,Spain,44,47,Pass,Pass,FirstHalf,72.9,78.3,66.7,75.8,Successful
Aymeric Laporte,Spain,44,49,Pass,Pass,FirstHalf,66.6,75.2,74.3,59.9,Successful
Dani Olmo,Spain,44,50,Pass,Pass,FirstHalf,74.9,57.6,86.2,37.9,Successful
Mikel Oyarzabal,Spain,44,53,BallTouch,BallTouch,FirstHalf,85.5,41.2,0.0,0.0,Unsuccessful
João Neves,Portugal,44,54,Clearance,Clearance,FirstHalf,14.1,56.4,14.2,59.1,Successful
Mikel Oyarzabal,Spain,44,54,Key Pass,BlockedPass,FirstHalf,85.8,41.1,0.0,0.0,Successful
Rodri,Spain,44,57,Shot off Target,MissedShots,FirstHalf,72.1,41.4,0.0,0.0,Successful
Renato Veiga,Portugal,45,14,Pass,Pass,FirstHalf,4.6,60.1,11.2,22.0,Successful
Rúben Dias,Portugal,45,18,Pass,Pass,FirstHalf,11.4,19.9,39.8,31.6,Successful
Cristiano Ronaldo,Portugal,45,23,Pass,Pass,FirstHalf,39.8,31.6,54.2,4.5,Unsuccessful
Marc Cucurella,Spain,45,23,Interception,Interception,FirstHalf,45.8,95.5,0.0,0.0,Successful
João Cancelo,Portugal,45,37,Throw In,Pass,FirstHalf,55.2,0.0,73.1,5.1,Successful
Pedro Neto,Portugal,45,40,Pass,Pass,FirstHalf,72.7,5.2,70.0,12.0,Successful
João Cancelo,Portugal,45,42,Pass,Pass,FirstHalf,70.0,12.0,60.5,2.8,Successful
Pedro Neto,Portugal,45,43,Pass,Pass,FirstHalf,62.7,3.1,59.4,16.0,Successful
Vitinha,Portugal,45,45,Pass,Pass,FirstHalf,62.8,22.5,53.7,45.2,Successful
Lamine Yamal,Spain,45,46,Challenge,Challenge,FirstHalf,45.0,47.8,0.0,0.0,Unsuccessful
João Neves,Portugal,45,46,Successful Dribble,TakeOn,FirstHalf,55.0,52.2,0.0,0.0,Successful
João Neves,Portugal,45,51,Through Ball,Pass,FirstHalf,63.2,72.0,88.9,69.3,Unsuccessful
Unai Simón,Spain,45,52,KeeperSweeper,KeeperSweeper,FirstHalf,11.7,30.8,0.0,0.0,Successful
Unai Simón,Spain,45,53,KeeperPickup,KeeperPickup,FirstHalf,10.4,31.7,0.0,0.0,Successful
Unai Simón,Spain,45,57,Pass,Pass,FirstHalf,11.9,32.6,28.2,49.0,Successful
Lamine Yamal,Spain,46,0,Offside,OffsideGiven,FirstHalf,78.6,8.2,0.0,0.0,Unsuccessful
Pedri,Spain,46,3,Pass,Pass,FirstHalf,36.5,46.3,41.5,65.6,Successful
Rodri,Spain,46,6,Pass,Pass,FirstHalf,42.2,66.5,59.1,93.0,Successful
Álex Baena,Spain,46,14,Pass,Pass,FirstHalf,61.9,88.1,70.6,97.5,Successful
Marc Cucurella,Spain,46,16,Pass,Pass,FirstHalf,69.6,97.2,62.1,92.7,Successful
Álex Baena,Spain,46,18,Pass,Pass,FirstHalf,62.8,88.7,59.1,70.2,Successful
Rodri,Spain,46,20,Pass,Pass,FirstHalf,59.4,68.0,67.2,40.3,Successful
Dani Olmo,Spain,46,22,Pass,Pass,FirstHalf,64.3,38.0,60.6,15.2,Successful
Pedro Porro,Spain,46,25,Offside,OffsidePass,FirstHalf,59.0,14.8,78.6,8.2,Successful
Nuno Mendes,Portugal,46,25,OffsideProvoked,OffsideProvoked,FirstHalf,26.1,86.9,0.0,0.0,Successful
Renato Veiga,Portugal,46,46,Pass,Pass,FirstHalf,13.1,71.1,21.1,65.4,Successful
Vitinha,Portugal,46,47,Pass,Pass,FirstHalf,26.5,36.4,26.2,2.1,Successful
João Cancelo,Portugal,46,48,Pass,Pass,FirstHalf,26.2,2.1,35.0,10.2,Successful
Vitinha,Portugal,46,50,Pass,Pass,FirstHalf,34.3,9.3,43.5,3.3,Successful
Pedro Neto,Portugal,46,51,Chipped Pass,Pass,FirstHalf,43.5,3.3,43.2,7.9,Unsuccessful
Pedri,Spain,46,52,Interception,Interception,FirstHalf,56.8,92.1,0.0,0.0,Successful
Álex Baena,Spain,46,53,Ball Recovery,BallRecovery,FirstHalf,66.4,90.4,0.0,0.0,Successful
Álex Baena,Spain,46,54,Pass,Pass,FirstHalf,62.1,90.5,66.4,85.5,Successful
Mikel Oyarzabal,Spain,46,55,Pass,Pass,FirstHalf,66.4,85.5,62.2,88.8,Successful
Pedri,Spain,46,58,Pass,Pass,FirstHalf,62.5,75.4,69.2,68.3,Successful
Dani Olmo,Spain,46,59,Foul,Foul,FirstHalf,70.6,65.7,0.0,0.0,Successful
Rúben Dias,Portugal,46,59,Foul,Foul,FirstHalf,29.4,34.2,0.0,0.0,Unsuccessful
Álex Baena,Spain,47,57,Long Pass,Pass,FirstHalf,73.0,71.6,96.0,25.4,Unsuccessful
João Félix,Portugal,48,0,Foul,Foul,FirstHalf,15.8,65.5,0.0,0.0,Successful
Pau Cubarsí,Spain,48,0,Foul,Foul,FirstHalf,84.2,34.5,0.0,0.0,Unsuccessful
Diogo Costa,Portugal,48,30,Long Pass,Pass,FirstHalf,15.1,61.1,58.7,100.0,Unsuccessful
Pedro Porro,Spain,48,39,Throw In,Pass,FirstHalf,37.3,0.0,28.5,8.2,Successful
Rodri,Spain,48,41,Pass,Pass,FirstHalf,27.5,8.3,19.0,24.8,Successful
Pau Cubarsí,Spain,48,44,Pass,Pass,FirstHalf,19.3,25.3,27.4,27.1,Successful
Pedri,Spain,48,45,Pass,Pass,FirstHalf,26.4,27.4,12.8,39.5,Successful
Pau Cubarsí,Spain,48,48,Pass,Pass,FirstHalf,12.0,43.7,16.4,86.1,Successful
Aymeric Laporte,Spain,48,51,Long Pass,Pass,FirstHalf,16.9,87.3,80.6,85.1,Unsuccessful
João Cancelo,Portugal,48,56,BallTouch,BallTouch,FirstHalf,22.4,15.8,0.0,0.0,Successful
Rúben Dias,Portugal,48,58,Ball Recovery,BallRecovery,FirstHalf,13.9,31.6,0.0,0.0,Successful
Rúben Dias,Portugal,48,59,Pass,Pass,FirstHalf,17.2,33.6,27.9,45.2,Successful
Renato Veiga,Portugal,49,1,Pass,Pass,FirstHalf,28.6,53.2,24.2,75.4,Successful
Nuno Mendes,Portugal,49,2,Pass,Pass,FirstHalf,24.1,72.6,32.2,93.6,Successful
João Neves,Portugal,49,12,Pass,Pass,FirstHalf,33.1,93.0,53.5,97.8,Successful
João Félix,Portugal,49,14,Pass,Pass,FirstHalf,53.5,97.8,37.3,90.9,Successful
João Neves,Portugal,49,16,Pass,Pass,FirstHalf,37.3,90.9,43.8,73.6,Successful
João Félix,Portugal,49,18,Long Pass,Pass,FirstHalf,43.8,73.6,76.8,100.0,Unsuccessful
Pedro Porro,Spain,49,26,Throw In,Pass,FirstHalf,26.2,0.0,21.5,26.5,Successful
Pau Cubarsí,Spain,49,29,Pass,Pass,FirstHalf,22.0,28.3,32.7,50.9,Successful
Rodri,Spain,49,33,Pass,Pass,FirstHalf,35.3,53.3,43.6,64.7,Successful
Mikel Oyarzabal,Spain,49,40,Pass,Pass,FirstHalf,65.1,75.3,76.9,97.1,Successful
Marc Cucurella,Spain,49,44,Pass,Pass,FirstHalf,73.4,96.6,64.7,96.0,Successful
Mikel Oyarzabal,Spain,49,46,Pass,Pass,FirstHalf,63.5,96.2,58.4,96.3,Successful
Aymeric Laporte,Spain,49,49,Pass,Pass,FirstHalf,58.4,96.3,69.9,100.0,Unsuccessful
João Cancelo,Portugal,49,59,Throw In,Pass,FirstHalf,38.0,0.0,21.4,8.2,Successful
Rúben Dias,Portugal,50,3,Long Pass,Pass,FirstHalf,25.0,10.6,86.3,24.4,Unsuccessful
Pedro Porro,Spain,50,10,Foul,Foul,FirstHalf,14.2,76.8,0.0,0.0,Successful
João Félix,Portugal,50,10,Foul,Foul,FirstHalf,85.8,23.3,0.0,0.0,Unsuccessful
Unai Simón,Spain,50,49,Long Pass,Pass,FirstHalf,15.7,77.1,73.3,97.1,Successful
Álex Baena,Spain,50,57,Pass,Pass,FirstHalf,87.6,96.3,88.6,93.0,Unsuccessful
Rúben Dias,Portugal,50,57,BlockedPass,BlockedPass,FirstHalf,11.4,7.0,0.0,0.0,Successful
,Spain,51,3,End,End,FirstHalf,0.0,0.0,0.0,0.0,Successful
,Portugal,51,3,End,End,FirstHalf,0.0,0.0,0.0,0.0,Successful
,Portugal,45,0,Start,Start,SecondHalf,0.0,0.0,0.0,0.0,Successful
,Spain,45,0,Start,Start,SecondHalf,0.0,0.0,0.0,0.0,Successful
João Neves,Portugal,45,0,Pass,Pass,SecondHalf,50.1,50.2,41.9,48.7,Successful
Vitinha,Portugal,45,1,Pass,Pass,SecondHalf,41.9,48.7,54.0,50.8,Successful
João Neves,Portugal,45,2,Pass,Pass,SecondHalf,54.0,50.8,47.5,56.4,Successful
Bruno Fernandes,Portugal,45,4,Long Pass,Pass,SecondHalf,47.5,56.4,75.3,89.5,Unsuccessful
Pedro Porro,Spain,45,6,Pass,Pass,SecondHalf,30.1,15.1,39.7,10.3,Successful
Lamine Yamal,Spain,45,8,Ball Recovery,BallRecovery,SecondHalf,39.7,8.9,0.0,0.0,Successful
Lamine Yamal,Spain,45,8,Pass,Pass,SecondHalf,41.1,7.6,56.5,2.5,Successful
Pedri,Spain,45,12,Pass,Pass,SecondHalf,62.7,5.0,66.0,40.0,Successful
Mikel Oyarzabal,Spain,45,16,Pass,Pass,SecondHalf,69.6,51.3,71.1,95.1,Successful
Álex Baena,Spain,45,20,Cross,Pass,SecondHalf,73.9,90.6,90.6,41.6,Unsuccessful
Renato Veiga,Portugal,45,23,Clearance,Clearance,SecondHalf,11.8,58.3,15.1,37.5,Successful
Marc Cucurella,Spain,45,27,Loss of Possession,Dispossessed,SecondHalf,78.8,76.2,0.0,0.0,Successful
João Neves,Portugal,45,27,Successful Tackle,Tackle,SecondHalf,21.2,23.9,0.0,0.0,Successful
Pedro Neto,Portugal,45,29,Ball Recovery,BallRecovery,SecondHalf,34.4,19.3,0.0,0.0,Successful
Pedro Neto,Portugal,45,36,Pass,Pass,SecondHalf,71.5,26.2,62.1,58.9,Successful
Vitinha,Portugal,45,38,Pass,Pass,SecondHalf,62.1,58.9,71.4,74.8,Successful
Bruno Fernandes,Portugal,45,41,Long Pass,Pass,SecondHalf,70.1,69.5,100.0,37.2,Unsuccessful
Unai Simón,Spain,45,52,Pass,Pass,SecondHalf,2.9,54.5,12.0,26.0,Successful
Pau Cubarsí,Spain,45,57,Long Pass,Pass,SecondHalf,26.8,22.7,55.6,3.7,Successful
Pedro Porro,Spain,46,1,Unsuccessful Dribble,TakeOn,SecondHalf,56.6,3.8,0.0,0.0,Unsuccessful
Nuno Mendes,Portugal,46,1,Successful Tackle,Tackle,SecondHalf,43.4,96.2,0.0,0.0,Successful
Nuno Mendes,Portugal,46,2,Ball Recovery,BallRecovery,SecondHalf,38.1,94.9,0.0,0.0,Successful
Nuno Mendes,Portugal,46,4,Long Pass,Pass,SecondHalf,35.0,90.9,12.3,53.2,Successful
Diogo Costa,Portugal,46,6,Pass,Pass,SecondHalf,12.3,53.2,25.4,32.1,Successful
Rúben Dias,Portugal,46,9,Pass,Pass,SecondHalf,25.4,32.1,26.8,63.7,Successful
Renato Veiga,Portugal,46,13,Pass,Pass,SecondHalf,27.1,68.2,48.5,89.5,Successful
João Neves,Portugal,46,17,Pass,Pass,SecondHalf,48.5,89.5,58.4,80.4,Successful
João Félix,Portugal,46,21,Pass,Pass,SecondHalf,65.4,87.0,59.1,80.5,Successful
João Neves,Portugal,46,22,Pass,Pass,SecondHalf,59.1,80.5,63.5,93.3,Successful
João Félix,Portugal,46,24,Pass,Pass,SecondHalf,59.1,91.0,57.7,77.8,Successful
Vitinha,Portugal,46,26,Pass,Pass,SecondHalf,57.7,77.8,48.3,87.7,Successful
João Félix,Portugal,46,27,Pass,Pass,SecondHalf,47.1,83.7,38.8,61.0,Successful
Renato Veiga,Portugal,46,32,BallTouch,BallTouch,SecondHalf,38.8,61.0,0.0,0.0,Successful
Vitinha,Portugal,46,34,Pass,Pass,SecondHalf,43.7,49.0,42.2,20.7,Successful
Rúben Dias,Portugal,46,35,Long Pass,Pass,SecondHalf,42.2,20.7,75.8,3.0,Successful
Álex Baena,Spain,46,38,Challenge,Challenge,SecondHalf,31.1,94.1,0.0,0.0,Unsuccessful
Pedro Neto,Portugal,46,38,Successful Dribble,TakeOn,SecondHalf,68.9,5.9,0.0,0.0,Successful
Pedro Neto,Portugal,46,41,Pass,Pass,SecondHalf,65.2,6.0,66.9,20.5,Successful
Vitinha,Portugal,46,42,Pass,Pass,SecondHalf,66.9,20.5,69.0,4.5,Unsuccessful
Álex Baena,Spain,46,43,Interception,Interception,SecondHalf,31.0,95.5,0.0,0.0,Successful
Pedro Neto,Portugal,46,44,BallTouch,BallTouch,SecondHalf,69.0,4.5,0.0,0.0,Successful
Marc Cucurella,Spain,46,57,Throw In,Pass,SecondHalf,20.4,100.0,21.3,92.3,Successful
Pedri,Spain,47,0,Pass,Pass,SecondHalf,18.6,89.1,9.5,46.4,Successful
Pau Cubarsí,Spain,47,3,Long Pass,Pass,SecondHalf,9.8,44.9,34.6,5.6,Successful
Pedro Porro,Spain,47,6,Pass,Pass,SecondHalf,36.9,4.1,44.5,4.6,Successful
Lamine Yamal,Spain,47,7,Pass,Pass,SecondHalf,44.3,4.6,36.8,3.1,Successful
Pedro Porro,Spain,47,9,Pass,Pass,SecondHalf,35.3,4.9,18.9,22.3,Successful
Pau Cubarsí,Spain,47,12,Pass,Pass,SecondHalf,14.1,25.3,3.4,48.1,Successful
Unai Simón,Spain,47,15,Pass,Pass,SecondHalf,4.2,48.7,11.7,85.7,Successful
Aymeric Laporte,Spain,47,18,Pass,Pass,SecondHalf,19.1,87.6,32.3,67.5,Successful
Dani Olmo,Spain,47,20,Pass,Pass,SecondHalf,32.3,67.5,32.3,71.6,Successful
Pedri,Spain,47,21,Loss of Possession,Dispossessed,SecondHalf,35.4,76.2,0.0,0.0,Successful
Renato Veiga,Portugal,47,21,Successful Tackle,Tackle,SecondHalf,64.6,23.8,0.0,0.0,Successful
Pedro Neto,Portugal,47,23,Ball Recovery,BallRecovery,SecondHalf,68.0,10.2,0.0,0.0,Successful
Pedro Neto,Portugal,47,24,Pass,Pass,SecondHalf,68.0,10.2,76.3,25.5,Successful
Cristiano Ronaldo,Portugal,47,26,Foul,Foul,SecondHalf,69.2,27.8,0.0,0.0,Successful
Dani Olmo,Spain,47,26,Foul,Foul,SecondHalf,30.8,72.2,0.0,0.0,Unsuccessful
Bruno Fernandes,Portugal,48,19,Cross,Pass,SecondHalf,68.2,9.7,95.6,58.5,Unsuccessful
Unai Simón,Spain,48,22,Claim,Claim,SecondHalf,4.4,41.5,0.0,0.0,Successful
Unai Simón,Spain,48,23,Pass,Pass,SecondHalf,8.6,43.7,23.2,8.8,Unsuccessful
Vitinha,Portugal,48,27,Successful Dribble,TakeOn,SecondHalf,75.5,92.2,0.0,0.0,Successful
Álex Baena,Spain,48,27,Challenge,Challenge,SecondHalf,24.4,7.8,0.0,0.0,Unsuccessful
Vitinha,Portugal,48,27,Ball Recovery,BallRecovery,SecondHalf,77.6,95.2,0.0,0.0,Successful
Vitinha,Portugal,48,28,Pass,Pass,SecondHalf,77.7,94.8,71.0,77.8,Successful
João Neves,Portugal,48,30,Pass,Pass,SecondHalf,71.8,73.6,64.3,53.8,Successful
Bruno Fernandes,Portugal,48,33,Pass,Pass,SecondHalf,64.2,53.8,75.7,35.8,Successful
João Cancelo,Portugal,48,37,Chipped Pass,Pass,SecondHalf,83.4,36.1,100.0,72.4,Unsuccessful
Aymeric Laporte,Spain,48,58,Pass,Pass,SecondHalf,3.4,59.0,2.4,50.7,Successful
Unai Simón,Spain,49,0,Pass,Pass,SecondHalf,6.5,49.3,29.3,48.2,Successful
Dani Olmo,Spain,49,7,Pass,Pass,SecondHalf,23.5,56.6,9.0,53.4,Successful
Unai Simón,Spain,49,9,Long Pass,Pass,SecondHalf,9.0,53.4,63.2,72.2,Unsuccessful
Renato Veiga,Portugal,49,13,Pass,Pass,SecondHalf,42.9,33.1,68.3,9.3,Unsuccessful
Dani Olmo,Spain,49,17,Pass,Pass,SecondHalf,35.9,94.8,52.0,93.0,Successful
Álex Baena,Spain,49,18,Pass,Pass,SecondHalf,52.0,92.7,58.0,76.7,Successful
Pedri,Spain,49,23,Pass,Pass,SecondHalf,73.2,49.7,78.4,24.8,Successful
Lamine Yamal,Spain,49,27,Unsuccessful Dribble,TakeOn,SecondHalf,85.4,30.0,0.0,0.0,Unsuccessful
Nuno Mendes,Portugal,49,27,Was Dribbled,Tackle,SecondHalf,14.6,70.0,0.0,0.0,Unsuccessful
Lamine Yamal,Spain,49,27,BallTouch,BallTouch,SecondHalf,85.3,30.7,0.0,0.0,Successful
Nuno Mendes,Portugal,49,29,Foul,Foul,SecondHalf,14.2,68.4,0.0,0.0,Successful
Lamine Yamal,Spain,49,29,Foul,Foul,SecondHalf,85.8,31.6,0.0,0.0,Unsuccessful
Renato Veiga,Portugal,49,45,Pass,Pass,SecondHalf,13.4,69.1,8.4,63.4,Successful
Diogo Costa,Portugal,49,53,Pass,Pass,SecondHalf,10.4,48.3,14.8,9.0,Successful
Rúben Dias,Portugal,49,56,Long Pass,Pass,SecondHalf,19.8,10.9,74.5,15.4,Unsuccessful
Marc Cucurella,Spain,50,0,Pass,Pass,SecondHalf,29.5,84.9,33.7,63.3,Successful
Aymeric Laporte,Spain,50,5,Ball Recovery,BallRecovery,SecondHalf,39.9,64.4,0.0,0.0,Successful
Aymeric Laporte,Spain,50,5,Pass,Pass,SecondHalf,39.9,64.4,48.6,69.8,Successful
Rodri,Spain,50,7,Pass,Pass,SecondHalf,52.4,71.1,63.1,92.4,Successful
Álex Baena,Spain,50,10,Pass,Pass,SecondHalf,67.3,89.9,71.6,70.5,Unsuccessful
Vitinha,Portugal,50,12,Interception,Interception,SecondHalf,28.4,29.5,0.0,0.0,Successful
Vitinha,Portugal,50,12,Ball Recovery,BallRecovery,SecondHalf,28.3,25.5,0.0,0.0,Successful
Vitinha,Portugal,50,13,Long Pass,Pass,SecondHalf,28.3,25.5,66.5,2.7,Successful
Pedro Neto,Portugal,50,19,Cross,Pass,SecondHalf,92.6,22.5,95.1,100.0,Unsuccessful
Pedro Porro,Spain,50,44,Throw In,Pass,SecondHalf,6.0,0.0,14.0,7.4,Successful
Dani Olmo,Spain,50,46,Pass,Pass,SecondHalf,14.0,7.4,8.9,5.0,Successful
Pedro Porro,Spain,50,48,Long Pass,Pass,SecondHalf,6.4,4.4,40.7,14.6,Unsuccessful
Nuno Mendes,Portugal,50,51,Pass,Pass,SecondHalf,55.7,80.8,61.2,75.0,Unsuccessful
Pedri,Spain,50,52,Pass,Pass,SecondHalf,30.5,16.7,31.8,44.9,Successful
Álex Baena,Spain,50,55,Pass,Pass,SecondHalf,33.3,37.1,37.8,10.0,Successful
Dani Olmo,Spain,51,0,Pass,Pass,SecondHalf,53.9,7.4,56.3,3.8,Successful
Lamine Yamal,Spain,51,1,Pass,Pass,SecondHalf,59.3,3.4,85.1,0.0,Unsuccessful
Nuno Mendes,Portugal,51,9,ShieldBallOpp,ShieldBallOpp,SecondHalf,13.7,98.1,0.0,0.0,Successful
Nuno Mendes,Portugal,51,27,Long Pass,Pass,SecondHalf,13.7,100.0,35.2,81.6,Unsuccessful
Rodri,Spain,51,30,BallTouch,BallTouch,SecondHalf,69.7,15.2,0.0,0.0,Successful
Vitinha,Portugal,51,32,Pass,Pass,SecondHalf,54.8,76.3,60.6,60.7,Unsuccessful
Marc Cucurella,Spain,51,34,Pass,Pass,SecondHalf,38.3,36.2,44.4,31.5,Successful
Rodri,Spain,51,36,BallTouch,BallTouch,SecondHalf,40.4,33.5,0.0,0.0,Successful
Marc Cucurella,Spain,51,37,Pass,Pass,SecondHalf,37.4,38.9,42.6,35.0,Successful
Pedri,Spain,51,38,Pass,Pass,SecondHalf,45.3,35.3,37.6,35.3,Successful
Marc Cucurella,Spain,51,39,Ball Recovery,BallRecovery,SecondHalf,37.6,35.3,0.0,0.0,Successful
Marc Cucurella,Spain,51,40,Pass,Pass,SecondHalf,37.6,35.3,32.8,32.2,Successful
Pau Cubarsí,Spain,51,41,Pass,Pass,SecondHalf,33.6,30.8,54.4,10.1,Successful
Dani Olmo,Spain,51,43,Pass,Pass,SecondHalf,56.5,9.7,68.0,3.2,Successful
Lamine Yamal,Spain,51,47,Successful Dribble,TakeOn,SecondHalf,88.3,20.6,0.0,0.0,Successful
Nuno Mendes,Portugal,51,47,Challenge,Challenge,SecondHalf,11.7,79.4,0.0,0.0,Unsuccessful
Lamine Yamal,Spain,51,49,Pass,Pass,SecondHalf,93.2,26.3,92.0,30.4,Unsuccessful
Nuno Mendes,Portugal,51,49,BlockedPass,BlockedPass,SecondHalf,8.0,69.6,0.0,0.0,Successful
João Cancelo,Portugal,51,51,Clearance,Clearance,SecondHalf,11.2,46.8,26.5,100.0,Successful
Pedro Porro,Spain,52,20,Long Pass,Pass,SecondHalf,80.4,0.0,59.4,6.4,Successful
Pau Cubarsí,Spain,52,25,Pass,Pass,SecondHalf,56.5,9.7,60.9,27.8,Successful
Pedri,Spain,52,26,Pass,Pass,SecondHalf,59.6,27.5,55.9,10.7,Successful
Pau Cubarsí,Spain,52,28,Pass,Pass,SecondHalf,53.5,14.0,52.4,28.3,Successful
Pedri,Spain,52,31,Pass,Pass,SecondHalf,53.3,28.4,70.4,26.2,Successful
Dani Olmo,Spain,52,33,Chipped Pass,Pass,SecondHalf,70.5,26.2,70.7,46.3,Successful
Mikel Oyarzabal,Spain,52,34,Pass,Pass,SecondHalf,70.7,47.3,64.7,56.3,Successful
Rodri,Spain,52,36,Pass,Pass,SecondHalf,62.2,59.4,60.0,73.4,Successful
Marc Cucurella,Spain,52,39,Pass,Pass,SecondHalf,59.7,74.0,63.1,91.1,Successful
Álex Baena,Spain,52,41,Pass,Pass,SecondHalf,63.1,91.1,57.3,73.5,Successful
Rodri,Spain,52,44,Pass,Pass,SecondHalf,56.1,70.4,54.8,39.1,Successful
Pau Cubarsí,Spain,52,51,Pass,Pass,SecondHalf,71.0,25.3,75.3,5.6,Successful
Pedro Porro,Spain,52,53,Pass,Pass,SecondHalf,72.7,9.1,77.6,15.2,Successful
Lamine Yamal,Spain,52,54,Pass,Pass,SecondHalf,77.6,15.2,70.9,15.5,Successful
Pedro Porro,Spain,52,55,BallTouch,BallTouch,SecondHalf,72.9,16.6,0.0,0.0,Unsuccessful
Nuno Mendes,Portugal,52,56,Ball Recovery,BallRecovery,SecondHalf,23.5,74.8,0.0,0.0,Successful
Nuno Mendes,Portugal,52,56,Pass,Pass,SecondHalf,25.0,72.9,35.9,72.4,Successful
Bruno Fernandes,Portugal,53,2,Pass,Pass,SecondHalf,60.9,80.4,53.3,76.8,Successful
Cristiano Ronaldo,Portugal,53,8,Loss of Possession,Dispossessed,SecondHalf,70.9,80.0,0.0,0.0,Successful
Rodri,Spain,53,8,Successful Tackle,Tackle,SecondHalf,29.1,20.0,0.0,0.0,Successful
Mikel Oyarzabal,Spain,53,10,Pass,Pass,SecondHalf,22.0,15.5,20.7,23.2,Successful
Pau Cubarsí,Spain,53,11,BallTouch,BallTouch,SecondHalf,20.7,23.2,0.0,0.0,Successful
Mikel Oyarzabal,Spain,53,12,Ball Recovery,BallRecovery,SecondHalf,25.2,23.8,0.0,0.0,Successful
Mikel Oyarzabal,Spain,53,13,Pass,Pass,SecondHalf,22.8,23.7,19.7,38.0,Successful
Aymeric Laporte,Spain,53,14,Pass,Pass,SecondHalf,23.7,35.5,28.2,33.5,Successful
Rodri,Spain,53,21,BallTouch,BallTouch,SecondHalf,31.3,32.2,0.0,0.0,Successful
Nuno Mendes,Portugal,55,12,Substitution Off,SubstitutionOff,SecondHalf,0.0,0.0,0.0,0.0,Successful
Nélson Semedo,Portugal,55,12,Substitution On,SubstitutionOn,SecondHalf,0.0,0.0,0.0,0.0,Successful
João Félix,Portugal,55,28,Throw In,Pass,SecondHalf,48.8,100.0,46.1,96.0,Successful
João Neves,Portugal,55,31,BallTouch,BallTouch,SecondHalf,45.9,95.4,0.0,0.0,Successful
Unai Simón,Spain,55,33,Ball Recovery,BallRecovery,SecondHalf,21.6,32.6,0.0,0.0,Successful
Unai Simón,Spain,55,34,Pass,Pass,SecondHalf,22.6,33.8,26.8,23.9,Successful
Pau Cubarsí,Spain,55,37,Pass,Pass,SecondHalf,27.0,23.9,19.4,49.6,Successful
Unai Simón,Spain,55,47,Long Pass,Pass,SecondHalf,19.7,50.0,61.8,20.2,Unsuccessful
Nélson Semedo,Portugal,55,50,Pass,Pass,SecondHalf,37.1,72.1,45.7,92.2,Successful
João Félix,Portugal,55,52,Ball Recovery,BallRecovery,SecondHalf,44.1,91.5,0.0,0.0,Successful
João Félix,Portugal,55,59,Pass,Pass,SecondHalf,38.3,71.1,26.6,59.2,Successful
Renato Veiga,Portugal,56,1,Pass,Pass,SecondHalf,26.6,59.2,9.4,48.7,Successful
Diogo Costa,Portugal,56,5,Long Pass,Pass,SecondHalf,15.0,40.0,56.2,95.2,Unsuccessful
Pedro Porro,Spain,56,9,Pass,Pass,SecondHalf,45.5,4.4,66.3,0.0,Unsuccessful
Nélson Semedo,Portugal,56,29,Long Pass,Pass,SecondHalf,34.8,100.0,60.4,96.9,Successful
João Félix,Portugal,56,31,Pass,Pass,SecondHalf,60.4,96.9,72.7,97.8,Unsuccessful
Pau Cubarsí,Spain,56,35,Long Pass,Pass,SecondHalf,37.8,3.7,55.4,0.0,Unsuccessful
Nélson Semedo,Portugal,56,49,Long Pass,Pass,SecondHalf,55.7,100.0,34.9,96.6,Successful
Renato Veiga,Portugal,56,52,Pass,Pass,SecondHalf,33.6,81.7,33.4,41.4,Successful
Rúben Dias,Portugal,56,55,Pass,Pass,SecondHalf,32.8,39.9,13.2,53.6,Successful
Cristiano Ronaldo,Portugal,57,0,Offside,OffsideGiven,SecondHalf,58.4,54.0,0.0,0.0,Unsuccessful
Diogo Costa,Portugal,57,1,Long Pass,Pass,SecondHalf,17.5,56.0,56.3,62.8,Successful
João Félix,Portugal,57,3,Offside,OffsidePass,SecondHalf,53.1,59.9,58.4,54.0,Successful
Marc Cucurella,Spain,57,3,OffsideProvoked,OffsideProvoked,SecondHalf,42.6,70.1,0.0,0.0,Successful
Rodri,Spain,57,12,Pass,Pass,SecondHalf,39.9,42.8,44.9,63.0,Successful
Pedri,Spain,57,15,Through Ball,Pass,SecondHalf,45.6,59.0,87.8,39.7,Unsuccessful
Diogo Costa,Portugal,57,19,KeeperPickup,KeeperPickup,SecondHalf,11.1,54.3,0.0,0.0,Successful
Diogo Costa,Portugal,57,24,Pass,Pass,SecondHalf,9.7,46.2,19.7,25.3,Successful
Rúben Dias,Portugal,57,26,Pass,Pass,SecondHalf,19.9,24.9,25.6,4.8,Successful
João Cancelo,Portugal,57,29,Chipped Pass,Pass,SecondHalf,25.6,5.7,47.4,14.4,Unsuccessful
Pedri,Spain,57,31,Ball Recovery,BallRecovery,SecondHalf,56.1,84.6,0.0,0.0,Successful
Pedri,Spain,57,35,Pass,Pass,SecondHalf,68.4,75.8,71.8,76.5,Successful
Mikel Oyarzabal,Spain,57,37,Pass,Pass,SecondHalf,71.8,76.5,70.0,82.7,Successful
Marc Cucurella,Spain,57,38,Pass,Pass,SecondHalf,70.4,83.7,66.3,72.8,Successful
Rodri,Spain,57,41,Chipped Pass,Pass,SecondHalf,67.6,74.3,80.6,95.4,Successful
Álex Baena,Spain,57,45,Pass,Pass,SecondHalf,79.7,93.8,78.7,63.9,Successful
Dani Olmo,Spain,57,46,BallTouch,BallTouch,SecondHalf,78.8,63.9,0.0,0.0,Unsuccessful
Renato Veiga,Portugal,57,48,Clearance,Clearance,SecondHalf,20.3,43.5,39.6,41.5,Successful
Cristiano Ronaldo,Portugal,57,49,Ball Recovery,BallRecovery,SecondHalf,39.6,41.5,0.0,0.0,Successful
Cristiano Ronaldo,Portugal,57,50,Pass,Pass,SecondHalf,39.6,41.5,35.4,57.1,Successful
João Félix,Portugal,57,51,Pass,Pass,SecondHalf,35.4,57.1,43.0,70.2,Successful
Bruno Fernandes,Portugal,58,1,Pass,Pass,SecondHalf,74.2,94.9,62.0,96.0,Successful
Nélson Semedo,Portugal,58,3,Pass,Pass,SecondHalf,62.0,96.0,58.2,87.9,Successful
João Neves,Portugal,58,5,Pass,Pass,SecondHalf,58.2,87.9,68.5,82.2,Successful
Bruno Fernandes,Portugal,58,6,Pass,Pass,SecondHalf,68.5,82.2,68.6,97.8,Successful
Nélson Semedo,Portugal,58,9,Pass,Pass,SecondHalf,77.1,95.5,58.8,88.2,Successful
João Neves,Portugal,58,11,Pass,Pass,SecondHalf,58.8,88.2,60.9,70.3,Successful
Vitinha,Portugal,58,12,Pass,Pass,SecondHalf,62.3,70.9,71.5,81.4,Successful
Bruno Fernandes,Portugal,58,14,Pass,Pass,SecondHalf,71.5,81.4,55.4,83.7,Successful
João Neves,Portugal,58,15,Pass,Pass,SecondHalf,55.8,83.7,43.2,62.7,Successful
Renato Veiga,Portugal,58,16,Pass,Pass,SecondHalf,43.2,62.7,48.8,39.4,Successful
Rúben Dias,Portugal,58,21,Pass,Pass,SecondHalf,54.5,37.5,54.9,45.9,Successful
Vitinha,Portugal,58,24,Long Pass,Pass,SecondHalf,54.2,45.6,69.3,89.1,Successful
João Neves,Portugal,58,29,Pass,Pass,SecondHalf,73.6,85.2,92.2,76.3,Successful
João Félix,Portugal,58,35,Key Pass,Pass,SecondHalf,82.4,75.0,95.7,36.3,Successful
Cristiano Ronaldo,Portugal,58,38,Shot off Target,MissedShots,SecondHalf,95.7,36.3,0.0,0.0,Successful
Unai Simón,Spain,58,40,KeeperPickup,KeeperPickup,SecondHalf,1.6,59.5,0.0,0.0,Successful
Unai Simón,Spain,58,44,Pass,Pass,SecondHalf,13.7,56.3,22.5,59.9,Successful
Rodri,Spain,58,47,Pass,Pass,SecondHalf,23.0,60.5,25.5,88.7,Successful
Marc Cucurella,Spain,58,50,Long Pass,Pass,SecondHalf,25.1,86.6,4.1,26.9,Successful
Unai Simón,Spain,59,4,Long Pass,Pass,SecondHalf,9.1,26.6,48.8,58.5,Unsuccessful
Renato Veiga,Portugal,59,8,Aerial Won,Aerial,SecondHalf,51.2,41.5,0.0,0.0,Successful
Mikel Oyarzabal,Spain,59,8,Aerial Lost,Aerial,SecondHalf,48.8,58.5,0.0,0.0,Unsuccessful
Renato Veiga,Portugal,59,8,Pass,Pass,SecondHalf,51.2,41.5,52.0,21.1,Successful
Pedro Neto,Portugal,59,10,Pass,Pass,SecondHalf,52.0,21.1,50.6,21.3,Unsuccessful
Álex Baena,Spain,59,10,BlockedPass,BlockedPass,SecondHalf,49.4,78.7,0.0,0.0,Successful
Marc Cucurella,Spain,59,14,Pass,Pass,SecondHalf,56.6,72.9,48.0,67.1,Successful
Pedri,Spain,59,15,Pass,Pass,SecondHalf,48.0,66.5,47.8,52.2,Successful
Rodri,Spain,59,17,Pass,Pass,SecondHalf,48.0,50.6,55.1,17.0,Successful
Pedro Porro,Spain,59,24,Pass,Pass,SecondHalf,55.9,19.3,42.3,33.1,Successful
Pau Cubarsí,Spain,59,31,Pass,Pass,SecondHalf,54.2,33.4,65.3,43.1,Successful
Pedri,Spain,59,32,Pass,Pass,SecondHalf,65.3,43.4,56.1,50.4,Successful
Rodri,Spain,59,35,Pass,Pass,SecondHalf,61.8,63.2,66.9,72.0,Successful
Dani Olmo,Spain,59,37,Pass,Pass,SecondHalf,66.7,73.5,57.2,88.1,Successful
Marc Cucurella,Spain,59,40,Pass,Pass,SecondHalf,57.3,89.9,44.5,71.7,Successful
Aymeric Laporte,Spain,59,42,Pass,Pass,SecondHalf,44.5,70.7,53.3,43.1,Successful
Pau Cubarsí,Spain,59,47,Pass,Pass,SecondHalf,67.1,32.5,74.2,3.1,Successful
Lamine Yamal,Spain,59,50,Pass,Pass,SecondHalf,75.9,5.8,71.2,17.8,Successful
Pedro Porro,Spain,59,52,Pass,Pass,SecondHalf,71.1,18.5,64.5,31.1,Successful
Pau Cubarsí,Spain,59,55,Pass,Pass,SecondHalf,64.4,32.5,65.9,41.9,Successful
Rodri,Spain,59,56,Pass,Pass,SecondHalf,65.9,41.9,66.9,33.8,Successful
Pau Cubarsí,Spain,59,58,Pass,Pass,SecondHalf,68.1,32.5,80.8,9.1,Successful
Lamine Yamal,Spain,60,2,Pass,Pass,SecondHalf,85.0,16.7,88.6,26.3,Unsuccessful
João Félix,Portugal,60,3,Interception,Interception,SecondHalf,11.4,73.7,0.0,0.0,Successful
João Félix,Portugal,60,4,Ball Recovery,BallRecovery,SecondHalf,11.1,87.9,0.0,0.0,Successful
João Félix,Portugal,60,5,Foul,Foul,SecondHalf,13.8,87.0,0.0,0.0,Successful
Lamine Yamal,Spain,60,5,Foul,Foul,SecondHalf,86.2,13.0,0.0,0.0,Unsuccessful
Renato Veiga,Portugal,60,18,Pass,Pass,SecondHalf,11.3,87.3,21.6,86.1,Successful
João Neves,Portugal,60,22,Pass,Pass,SecondHalf,20.8,83.0,15.8,48.5,Successful
Rúben Dias,Portugal,60,23,Pass,Pass,SecondHalf,15.2,35.4,23.5,7.5,Successful
João Cancelo,Portugal,60,25,Pass,Pass,SecondHalf,20.8,11.4,32.9,3.9,Successful
Pedro Neto,Portugal,60,27,Pass,Pass,SecondHalf,32.9,3.9,32.5,33.4,Unsuccessful
Pedro Neto,Portugal,60,28,Error,Error,SecondHalf,27.1,19.0,0.0,0.0,Successful
Rodri,Spain,60,30,Ball Recovery,BallRecovery,SecondHalf,70.4,71.4,0.0,0.0,Successful
Rodri,Spain,60,31,Pass,Pass,SecondHalf,70.4,71.4,82.9,73.2,Successful
Pedro Neto,Portugal,60,32,Challenge,Challenge,SecondHalf,13.3,29.1,0.0,0.0,Unsuccessful
Dani Olmo,Spain,60,32,Successful Dribble,TakeOn,SecondHalf,86.7,70.9,0.0,0.0,Successful
Dani Olmo,Spain,60,33,Key Pass,Pass,SecondHalf,84.8,71.0,78.0,56.4,Successful
Pedri,Spain,60,35,Shot on Target,SavedShot,SecondHalf,80.9,51.1,0.0,0.0,Successful
Renato Veiga,Portugal,60,35,Save,Save,SecondHalf,16.5,50.7,0.0,0.0,Successful
Pedri,Spain,60,36,CornerAwarded,CornerAwarded,SecondHalf,83.8,50.3,0.0,0.0,Successful
Renato Veiga,Portugal,60,36,CornerAwarded,CornerAwarded,SecondHalf,16.2,49.7,0.0,0.0,Unsuccessful
Álex Baena,Spain,61,1,Cross,Pass,SecondHalf,99.5,99.5,96.7,58.2,Unsuccessful
Bruno Fernandes,Portugal,61,3,Clearance,Clearance,SecondHalf,3.7,40.5,13.8,45.6,Successful
Vitinha,Portugal,61,5,Clearance,Clearance,SecondHalf,13.6,43.5,28.6,42.3,Successful
Lamine Yamal,Spain,61,8,Shot on Target,SavedShot,SecondHalf,76.2,60.7,0.0,0.0,Successful
João Félix,Portugal,61,8,Save,Save,SecondHalf,20.2,39.4,0.0,0.0,Successful
João Félix,Portugal,61,8,CornerAwarded,CornerAwarded,SecondHalf,23.2,41.4,0.0,0.0,Unsuccessful
Lamine Yamal,Spain,61,8,CornerAwarded,CornerAwarded,SecondHalf,76.8,58.6,0.0,0.0,Successful
Álex Baena,Spain,61,37,Cross,Pass,SecondHalf,99.5,99.5,97.0,48.2,Unsuccessful
Diogo Costa,Portugal,61,40,Aerial Won,Aerial,SecondHalf,3.0,51.8,0.0,0.0,Successful
Aymeric Laporte,Spain,61,40,Aerial Lost,Aerial,SecondHalf,97.0,48.2,0.0,0.0,Unsuccessful
Diogo Costa,Portugal,61,41,Claim,Claim,SecondHalf,3.7,49.9,0.0,0.0,Successful
Diogo Costa,Portugal,61,47,Pass,Pass,SecondHalf,8.6,54.4,25.2,81.0,Successful
Bruno Fernandes,Portugal,61,52,Pass,Pass,SecondHalf,29.1,74.1,42.5,68.1,Successful
João Félix,Portugal,61,54,Pass,Pass,SecondHalf,38.6,74.1,28.9,74.2,Successful
Bruno Fernandes,Portugal,62,0,Pass,Pass,SecondHalf,35.2,67.5,45.3,73.8,Successful
Vitinha,Portugal,62,1,Pass,Pass,SecondHalf,45.3,73.8,34.6,74.2,Successful
Bruno Fernandes,Portugal,62,2,Pass,Pass,SecondHalf,34.6,74.2,45.5,97.6,Successful
Nélson Semedo,Portugal,62,5,Pass,Pass,SecondHalf,43.8,95.2,35.0,85.8,Successful
Vitinha,Portugal,62,11,Pass,Pass,SecondHalf,38.3,82.2,34.1,66.0,Successful
Bruno Fernandes,Portugal,62,14,Long Pass,Pass,SecondHalf,33.8,57.0,68.6,2.8,Successful
Álex Baena,Spain,62,18,Challenge,Challenge,SecondHalf,32.4,92.4,0.0,0.0,Unsuccessful
João Cancelo,Portugal,62,18,Successful Dribble,TakeOn,SecondHalf,67.6,7.6,0.0,0.0,Successful
João Cancelo,Portugal,62,20,Pass,Pass,SecondHalf,67.1,15.7,72.2,29.8,Successful
João Neves,Portugal,62,22,Pass,Pass,SecondHalf,71.1,24.1,87.9,15.9,Successful
Pedro Neto,Portugal,62,23,Pass,Pass,SecondHalf,88.6,13.8,74.1,10.0,Successful
João Neves,Portugal,62,26,Pass,Pass,SecondHalf,77.4,6.4,80.2,11.9,Unsuccessful
Álex Baena,Spain,62,26,BallTouch,BallTouch,SecondHalf,22.8,91.5,0.0,0.0,Successful
Marc Cucurella,Spain,62,28,Long Pass,Pass,SecondHalf,15.2,94.8,26.2,81.6,Successful
Dani Olmo,Spain,62,30,Loss of Possession,Dispossessed,SecondHalf,25.9,81.7,0.0,0.0,Successful
João Neves,Portugal,62,30,Successful Tackle,Tackle,SecondHalf,74.1,18.3,0.0,0.0,Successful
Vitinha,Portugal,62,31,Pass,Pass,SecondHalf,67.4,22.3,67.2,45.7,Successful
Bruno Fernandes,Portugal,62,34,Pass,Pass,SecondHalf,68.2,41.4,62.7,45.6,Successful
Vitinha,Portugal,62,36,Pass,Pass,SecondHalf,61.5,42.3,65.4,34.0,Successful
Bruno Fernandes,Portugal,62,40,Foul,Foul,SecondHalf,65.2,34.8,0.0,0.0,Successful
Pedri,Spain,62,40,Foul,Foul,SecondHalf,34.8,65.2,0.0,0.0,Unsuccessful
Rúben Dias,Portugal,62,52,Pass,Pass,SecondHalf,62.2,26.2,75.8,3.4,Successful
Pedro Neto,Portugal,62,54,Pass,Pass,SecondHalf,75.6,3.3,65.3,7.5,Successful
João Cancelo,Portugal,62,55,Pass,Pass,SecondHalf,65.3,7.5,74.2,4.0,Successful
Pedro Neto,Portugal,62,57,Pass,Pass,SecondHalf,70.5,5.8,61.4,8.6,Successful
João Cancelo,Portugal,63,0,Pass,Pass,SecondHalf,69.4,21.9,60.5,36.0,Successful
Vitinha,Portugal,63,3,Pass,Pass,SecondHalf,62.5,42.3,61.3,11.7,Successful
Rúben Dias,Portugal,63,5,Pass,Pass,SecondHalf,61.2,11.4,68.9,26.4,Successful
Bruno Fernandes,Portugal,63,6,Pass,Pass,SecondHalf,68.9,26.4,71.0,5.2,Successful
Pedro Neto,Portugal,63,11,Pass,Pass,SecondHalf,80.1,12.1,77.5,31.2,Successful
João Cancelo,Portugal,63,12,Pass,Pass,SecondHalf,77.5,31.2,88.5,28.5,Unsuccessful
Marc Cucurella,Spain,63,13,Clearance,Clearance,SecondHalf,9.7,66.3,21.6,71.0,Successful
Dani Olmo,Spain,63,14,Pass,Pass,SecondHalf,20.9,68.5,30.1,100.0,Unsuccessful
João Cancelo,Portugal,63,33,Throw In,Pass,SecondHalf,69.2,0.0,65.7,13.8,Successful
Vitinha,Portugal,63,36,Pass,Pass,SecondHalf,67.8,14.1,62.5,3.9,Successful
João Cancelo,Portugal,63,38,Pass,Pass,SecondHalf,58.7,4.5,36.2,13.9,Successful
Rúben Dias,Portugal,63,40,Pass,Pass,SecondHalf,36.2,13.9,32.4,42.3,Successful
Renato Veiga,Portugal,63,44,Pass,Pass,SecondHalf,33.2,53.7,36.4,87.4,Successful
Nélson Semedo,Portugal,63,48,Long Pass,Pass,SecondHalf,31.9,87.4,7.2,47.4,Successful
Diogo Costa,Portugal,63,54,Pass,Pass,SecondHalf,10.8,33.9,14.1,8.5,Successful
Rúben Dias,Portugal,63,57,Long Pass,Pass,SecondHalf,16.0,1.3,55.1,10.0,Unsuccessful
Aymeric Laporte,Spain,64,0,Pass,Pass,SecondHalf,43.8,89.3,55.3,92.7,Successful
Pedri,Spain,64,2,Ball Recovery,BallRecovery,SecondHalf,55.7,93.3,0.0,0.0,Successful
Pedri,Spain,64,4,Pass,Pass,SecondHalf,52.9,96.0,52.2,75.5,Successful
Rodri,Spain,64,5,Pass,Pass,SecondHalf,52.2,75.5,35.0,74.3,Successful
Aymeric Laporte,Spain,64,7,Pass,Pass,SecondHalf,35.9,73.5,37.1,50.6,Successful
Pau Cubarsí,Spain,64,9,Pass,Pass,SecondHalf,37.2,50.9,42.1,60.3,Successful
Rodri,Spain,64,11,Pass,Pass,SecondHalf,42.1,60.3,30.2,49.4,Successful
Pau Cubarsí,Spain,64,14,Pass,Pass,SecondHalf,30.9,53.3,42.4,63.9,Successful
Pedri,Spain,64,19,Pass,Pass,SecondHalf,31.7,57.6,19.7,59.4,Successful
Pau Cubarsí,Spain,64,21,Pass,Pass,SecondHalf,19.5,59.4,11.7,31.3,Successful
Unai Simón,Spain,64,27,Long Pass,Pass,SecondHalf,14.3,31.6,46.1,63.6,Unsuccessful
Renato Veiga,Portugal,64,30,Aerial Won,Aerial,SecondHalf,53.9,36.4,0.0,0.0,Successful
Mikel Oyarzabal,Spain,64,30,Aerial Lost,Aerial,SecondHalf,46.1,63.6,0.0,0.0,Unsuccessful
Renato Veiga,Portugal,64,30,Pass,Pass,SecondHalf,53.9,36.4,53.2,58.5,Unsuccessful
Vitinha,Portugal,64,33,Aerial Won,Aerial,SecondHalf,53.2,58.5,0.0,0.0,Successful
Dani Olmo,Spain,64,33,Aerial Lost,Aerial,SecondHalf,46.8,41.5,0.0,0.0,Unsuccessful
Vitinha,Portugal,64,33,Pass,Pass,SecondHalf,53.2,58.5,54.7,56.0,Unsuccessful
Dani Olmo,Spain,64,34,BallTouch,BallTouch,SecondHalf,44.3,49.6,0.0,0.0,Successful
Lamine Yamal,Spain,64,37,Pass,Pass,SecondHalf,70.7,40.9,76.2,78.0,Successful
Álex Baena,Spain,64,40,Pass,Pass,SecondHalf,79.8,73.2,80.1,65.9,Unsuccessful
João Neves,Portugal,64,41,Interception,Interception,SecondHalf,19.9,34.1,0.0,0.0,Successful
João Cancelo,Portugal,64,43,Ball Recovery,BallRecovery,SecondHalf,16.7,32.8,0.0,0.0,Successful
João Cancelo,Portugal,64,43,Pass,Pass,SecondHalf,16.7,32.8,27.6,52.3,Successful
Vitinha,Portugal,64,44,BallTouch,BallTouch,SecondHalf,20.9,54.0,0.0,0.0,Unsuccessful
Vitinha,Portugal,64,45,Error,Error,SecondHalf,18.5,41.2,0.0,0.0,Successful
Álex Baena,Spain,64,46,Ball Recovery,BallRecovery,SecondHalf,83.2,63.2,0.0,0.0,Successful
Álex Baena,Spain,64,47,Shot on Target,SavedShot,SecondHalf,83.5,63.6,0.0,0.0,Successful
Diogo Costa,Portugal,64,47,Save,Save,SecondHalf,3.0,47.1,0.0,0.0,Successful
Diogo Costa,Portugal,64,48,KeeperPickup,KeeperPickup,SecondHalf,1.5,50.5,0.0,0.0,Successful
Diogo Costa,Portugal,65,2,Long Pass,Pass,SecondHalf,12.1,46.8,67.2,41.4,Unsuccessful
Aymeric Laporte,Spain,65,6,Pass,Pass,SecondHalf,36.0,67.1,46.2,53.3,Successful
Pedri,Spain,65,9,Pass,Pass,SecondHalf,46.3,53.6,53.7,75.9,Successful
Álex Baena,Spain,65,11,Ball Recovery,BallRecovery,SecondHalf,51.2,73.1,0.0,0.0,Successful
Álex Baena,Spain,65,12,Pass,Pass,SecondHalf,47.3,72.2,31.1,71.6,Successful
Aymeric Laporte,Spain,65,14,Pass,Pass,SecondHalf,31.1,71.6,38.1,67.5,Successful
Álex Baena,Spain,65,16,Pass,Pass,SecondHalf,38.0,69.9,46.4,76.2,Successful
Pedri,Spain,65,23,Pass,Pass,SecondHalf,62.4,42.4,75.1,8.8,Successful
Lamine Yamal,Spain,65,29,Pass,Pass,SecondHalf,81.2,10.1,95.5,25.4,Successful
Pedro Porro,Spain,65,31,Cross,Pass,SecondHalf,97.4,24.6,92.6,52.1,Unsuccessful
João Cancelo,Portugal,65,32,Clearance,Clearance,SecondHalf,7.6,46.9,25.6,100.0,Successful
Pedro Porro,Spain,65,51,Throw In,Pass,SecondHalf,76.5,0.0,65.8,3.2,Successful
Pedri,Spain,65,55,Pass,Pass,SecondHalf,63.0,8.2,52.5,39.5,Successful
Aymeric Laporte,Spain,66,2,Pass,Pass,SecondHalf,60.9,66.8,70.0,65.6,Successful
Mikel Oyarzabal,Spain,66,4,Pass,Pass,SecondHalf,70.0,65.6,67.2,59.6,Successful
Rodri,Spain,66,5,Pass,Pass,SecondHalf,67.4,59.7,62.7,80.1,Successful
Marc Cucurella,Spain,66,6,Pass,Pass,SecondHalf,62.7,81.0,70.5,95.4,Successful
Álex Baena,Spain,66,8,Pass,Pass,SecondHalf,70.5,95.4,61.5,92.0,Successful
Marc Cucurella,Spain,66,10,Pass,Pass,SecondHalf,60.8,90.9,54.4,75.5,Successful
Aymeric Laporte,Spain,66,12,Pass,Pass,SecondHalf,53.9,74.4,54.2,45.2,Successful
Pau Cubarsí,Spain,66,16,Pass,Pass,SecondHalf,61.0,33.1,63.3,19.3,Successful
Pedro Porro,Spain,66,18,Pass,Pass,SecondHalf,64.9,16.7,76.5,2.6,Successful
Lamine Yamal,Spain,66,24,Unsuccessful Dribble,TakeOn,SecondHalf,86.2,8.5,0.0,0.0,Unsuccessful
Nélson Semedo,Portugal,66,25,Ball Recovery,BallRecovery,SecondHalf,18.1,83.5,0.0,0.0,Successful
Nélson Semedo,Portugal,66,27,Unsuccessful Dribble,TakeOn,SecondHalf,26.8,92.0,0.0,0.0,Unsuccessful
Pedro Porro,Spain,66,27,Successful Tackle,Tackle,SecondHalf,73.2,8.0,0.0,0.0,Successful
Pedri,Spain,66,28,Ball Recovery,BallRecovery,SecondHalf,69.5,5.2,0.0,0.0,Successful
Pedri,Spain,66,29,Pass,Pass,SecondHalf,69.5,5.2,57.3,6.2,Successful
Pau Cubarsí,Spain,66,32,Pass,Pass,SecondHalf,57.3,6.5,60.3,23.6,Successful
Rodri,Spain,66,35,Pass,Pass,SecondHalf,64.0,29.5,66.5,55.7,Successful
Álex Baena,Spain,66,40,Pass,Pass,SecondHalf,66.6,47.6,62.5,35.8,Successful
Rodri,Spain,66,42,Pass,Pass,SecondHalf,62.1,35.2,66.3,26.3,Successful
Pedri,Spain,66,44,Pass,Pass,SecondHalf,68.6,25.0,82.9,5.5,Successful
Lamine Yamal,Spain,66,48,Pass,Pass,SecondHalf,83.9,6.8,72.0,16.6,Successful
Pedri,Spain,66,50,Pass,Pass,SecondHalf,71.4,17.8,70.4,27.4,Successful
Rodri,Spain,66,54,Pass,Pass,SecondHalf,66.9,37.0,56.3,37.6,Successful
Pau Cubarsí,Spain,66,56,Pass,Pass,SecondHalf,55.2,38.8,65.3,14.8,Successful
Pedro Porro,Spain,67,0,Pass,Pass,SecondHalf,66.3,16.9,55.7,33.4,Successful
Pau Cubarsí,Spain,67,2,Pass,Pass,SecondHalf,55.2,34.1,56.2,46.6,Successful
Rodri,Spain,67,5,Pass,Pass,SecondHalf,62.8,50.9,69.5,94.4,Successful
Marc Cucurella,Spain,67,8,Pass,Pass,SecondHalf,66.5,92.0,46.6,87.8,Successful
Aymeric Laporte,Spain,67,11,Pass,Pass,SecondHalf,45.8,87.0,42.9,69.0,Successful
Rodri,Spain,67,14,Pass,Pass,SecondHalf,42.9,66.9,46.5,39.8,Successful
Pau Cubarsí,Spain,67,18,Pass,Pass,SecondHalf,55.1,33.4,66.5,35.2,Successful
Álex Baena,Spain,67,23,Pass,Pass,SecondHalf,73.6,43.6,81.9,54.0,Unsuccessful
João Cancelo,Portugal,67,24,BallTouch,BallTouch,SecondHalf,18.2,47.4,0.0,0.0,Successful
Mikel Oyarzabal,Spain,67,26,BallTouch,BallTouch,SecondHalf,84.1,56.1,0.0,0.0,Successful
Pedro Neto,Portugal,67,26,Ball Recovery,BallRecovery,SecondHalf,25.6,57.0,0.0,0.0,Successful
Pedro Neto,Portugal,67,27,Pass,Pass,SecondHalf,26.8,60.4,31.8,94.9,Successful
João Félix,Portugal,67,29,BallTouch,BallTouch,SecondHalf,31.8,94.9,0.0,0.0,Unsuccessful
João Cancelo,Portugal,70,45,Substitution Off,SubstitutionOff,SecondHalf,0.0,0.0,0.0,0.0,Successful
Diogo Dalot,Portugal,70,45,Substitution On,SubstitutionOn,SecondHalf,0.0,0.0,0.0,0.0,Successful
João Félix,Portugal,70,46,Substitution Off,SubstitutionOff,SecondHalf,0.0,0.0,0.0,0.0,Successful
Rafael Leão,Portugal,70,46,Substitution On,SubstitutionOn,SecondHalf,0.0,0.0,0.0,0.0,Successful
Pedro Porro,Spain,71,22,Throw In,Pass,SecondHalf,70.7,0.0,81.0,12.2,Successful
Rodri,Spain,71,24,Pass,Pass,SecondHalf,81.6,12.2,78.9,4.7,Successful
Lamine Yamal,Spain,71,28,Foul,Foul,SecondHalf,81.8,15.4,0.0,0.0,Successful
Nélson Semedo,Portugal,71,28,Foul,Foul,SecondHalf,18.2,84.6,0.0,0.0,Unsuccessful
Lamine Yamal,Spain,72,28,Shot on Target,SavedShot,SecondHalf,83.1,17.3,0.0,0.0,Successful
Diogo Costa,Portugal,72,28,Save,Save,SecondHalf,0.8,51.3,0.0,0.0,Successful
Diogo Costa,Portugal,72,29,CornerAwarded,CornerAwarded,SecondHalf,7.2,63.8,0.0,0.0,Unsuccessful
Lamine Yamal,Spain,72,29,CornerAwarded,CornerAwarded,SecondHalf,92.8,36.2,0.0,0.0,Successful
Álex Baena,Spain,72,51,Cross,Pass,SecondHalf,99.5,99.5,97.7,46.0,Unsuccessful
Diogo Costa,Portugal,72,54,Clearance,Clearance,SecondHalf,1.7,52.6,5.4,90.9,Successful
Nélson Semedo,Portugal,72,59,Clearance,Clearance,SecondHalf,6.7,91.6,47.2,73.2,Successful
Pedro Porro,Spain,73,3,Pass,Pass,SecondHalf,47.0,40.0,27.0,51.2,Successful
Unai Simón,Spain,73,7,Pass,Pass,SecondHalf,26.4,52.7,36.3,74.6,Successful
Dani Olmo,Spain,73,11,Pass,Pass,SecondHalf,36.0,74.1,14.4,46.9,Successful
Unai Simón,Spain,73,16,Pass,Pass,SecondHalf,14.3,46.7,22.8,24.5,Successful
Pau Cubarsí,Spain,73,19,Pass,Pass,SecondHalf,21.6,24.5,9.3,41.0,Successful
Unai Simón,Spain,73,22,Long Pass,Pass,SecondHalf,10.3,36.5,44.6,14.0,Unsuccessful
Nélson Semedo,Portugal,73,26,BallTouch,BallTouch,SecondHalf,56.2,83.1,0.0,0.0,Successful
João Neves,Portugal,73,27,Ball Recovery,BallRecovery,SecondHalf,57.7,73.5,0.0,0.0,Successful
João Neves,Portugal,73,28,Long Pass,Pass,SecondHalf,57.7,73.5,24.9,55.3,Successful
Diogo Costa,Portugal,73,30,Pass,Pass,SecondHalf,24.9,55.3,30.4,43.3,Successful
Rúben Dias,Portugal,73,36,Pass,Pass,SecondHalf,40.3,33.0,38.4,61.9,Successful
Renato Veiga,Portugal,73,37,Pass,Pass,SecondHalf,34.8,63.6,20.4,45.0,Successful
Diogo Costa,Portugal,73,41,Long Pass,Pass,SecondHalf,23.8,43.6,85.3,74.1,Unsuccessful
Unai Simón,Spain,73,48,KeeperPickup,KeeperPickup,SecondHalf,16.4,28.4,0.0,0.0,Successful
Unai Simón,Spain,73,50,Pass,Pass,SecondHalf,15.6,30.8,24.3,26.0,Successful
Pau Cubarsí,Spain,73,56,Pass,Pass,SecondHalf,24.4,26.8,14.5,50.7,Successful
Unai Simón,Spain,73,59,Pass,Pass,SecondHalf,15.0,50.9,39.5,28.7,Successful
Dani Olmo,Spain,74,3,Pass,Pass,SecondHalf,39.4,28.1,64.1,22.6,Successful
Lamine Yamal,Spain,74,8,Pass,Pass,SecondHalf,77.9,28.1,86.2,58.7,Unsuccessful
Diogo Dalot,Portugal,74,10,Ball Recovery,BallRecovery,SecondHalf,11.5,39.0,0.0,0.0,Successful
Diogo Dalot,Portugal,74,10,Pass,Pass,SecondHalf,11.5,39.0,33.7,22.8,Successful
Pedro Neto,Portugal,74,16,Long Pass,Pass,SecondHalf,36.2,49.3,42.7,95.7,Successful
Rafael Leão,Portugal,74,20,Pass,Pass,SecondHalf,57.0,91.9,63.1,75.9,Successful
Bruno Fernandes,Portugal,74,22,Pass,Pass,SecondHalf,63.1,75.9,53.5,90.7,Successful
Pedro Neto,Portugal,74,24,Pass,Pass,SecondHalf,53.7,90.6,46.1,67.3,Successful
João Neves,Portugal,74,26,Pass,Pass,SecondHalf,46.1,67.2,53.8,55.6,Successful
Bruno Fernandes,Portugal,74,27,Long Pass,Pass,SecondHalf,53.8,55.6,82.8,21.4,Successful
Diogo Dalot,Portugal,74,31,Loss of Possession,Dispossessed,SecondHalf,81.4,22.8,0.0,0.0,Successful
Álex Baena,Spain,74,31,Was Dribbled,Tackle,SecondHalf,18.6,77.2,0.0,0.0,Unsuccessful
Diogo Dalot,Portugal,74,33,BallTouch,BallTouch,SecondHalf,80.2,22.5,0.0,0.0,Successful
Álex Baena,Spain,74,48,Substitution Off,SubstitutionOff,SecondHalf,0.0,0.0,0.0,0.0,Successful
Ferran Torres,Spain,74,48,Substitution On,SubstitutionOn,SecondHalf,0.0,0.0,0.0,0.0,Successful
Marc Cucurella,Spain,74,55,Throw In,Pass,SecondHalf,21.1,100.0,24.2,89.1,Successful
Rodri,Spain,74,57,Pass,Pass,SecondHalf,24.4,89.1,21.4,96.6,Successful
Marc Cucurella,Spain,74,59,Chipped Pass,Pass,SecondHalf,21.8,96.9,40.7,88.2,Unsuccessful
Diogo Dalot,Portugal,75,0,Ball Recovery,BallRecovery,SecondHalf,63.1,14.8,0.0,0.0,Successful
Diogo Dalot,Portugal,75,1,Pass,Pass,SecondHalf,62.0,19.8,69.3,49.2,Successful
Pedro Porro,Spain,75,4,Challenge,Challenge,SecondHalf,30.6,53.3,0.0,0.0,Unsuccessful
Rafael Leão,Portugal,75,4,Successful Dribble,TakeOn,SecondHalf,69.4,46.7,0.0,0.0,Successful
Dani Olmo,Spain,75,8,Challenge,Challenge,SecondHalf,27.6,42.6,0.0,0.0,Unsuccessful
Rafael Leão,Portugal,75,8,Successful Dribble,TakeOn,SecondHalf,72.4,57.4,0.0,0.0,Successful
Rafael Leão,Portugal,75,8,Pass,Pass,SecondHalf,74.4,68.3,77.5,69.5,Unsuccessful
Pedro Porro,Spain,75,8,BallTouch,BallTouch,SecondHalf,20.2,31.5,0.0,0.0,Successful
Cristiano Ronaldo,Portugal,75,11,Key Pass,Pass,SecondHalf,78.5,76.8,72.4,61.2,Successful
Vitinha,Portugal,75,13,Shot on Target,SavedShot,SecondHalf,72.6,57.9,0.0,0.0,Successful
Rodri,Spain,75,13,Save,Save,SecondHalf,21.9,44.2,0.0,0.0,Successful
Bruno Fernandes,Portugal,75,15,Shot off Target,MissedShots,SecondHalf,88.7,36.2,0.0,0.0,Successful
Unai Simón,Spain,75,34,Pass,Pass,SecondHalf,3.9,53.6,12.7,69.8,Successful
Aymeric Laporte,Spain,75,36,Pass,Pass,SecondHalf,12.7,69.8,26.8,76.4,Successful
Pedri,Spain,75,38,Pass,Pass,SecondHalf,28.1,77.9,32.8,96.2,Successful
Marc Cucurella,Spain,75,40,Chipped Pass,Pass,SecondHalf,34.6,96.5,59.3,78.0,Unsuccessful
Diogo Dalot,Portugal,75,43,Ball Recovery,BallRecovery,SecondHalf,39.7,23.4,0.0,0.0,Successful
Diogo Dalot,Portugal,75,45,Pass,Pass,SecondHalf,34.6,26.4,13.9,46.0,Successful
Diogo Costa,Portugal,75,49,Pass,Pass,SecondHalf,19.4,60.0,23.9,90.4,Successful
Nélson Semedo,Portugal,75,55,Pass,Pass,SecondHalf,22.6,94.3,36.1,91.2,Successful
Rafael Leão,Portugal,75,56,Pass,Pass,SecondHalf,33.0,91.8,33.0,93.4,Unsuccessful
Pedro Porro,Spain,75,56,BlockedPass,BlockedPass,SecondHalf,67.0,6.6,0.0,0.0,Successful
Lamine Yamal,Spain,75,58,Ball Recovery,BallRecovery,SecondHalf,80.7,9.4,0.0,0.0,Successful
Lamine Yamal,Spain,75,59,Pass,Pass,SecondHalf,81.9,11.8,78.8,26.2,Successful
Dani Olmo,Spain,76,2,Pass,Pass,SecondHalf,78.5,29.9,81.2,36.1,Unsuccessful
João Neves,Portugal,76,4,Interception,Interception,SecondHalf,18.8,63.9,0.0,0.0,Successful
Pedri,Spain,76,4,Pass,Pass,SecondHalf,74.2,47.3,71.6,37.3,Successful
Rodri,Spain,76,5,Pass,Pass,SecondHalf,71.6,35.6,73.7,24.5,Successful
Dani Olmo,Spain,76,9,Pass,Pass,SecondHalf,73.8,26.6,72.0,31.9,Successful
Rodri,Spain,76,9,Pass,Pass,SecondHalf,71.4,33.4,70.3,52.7,Successful
Pedri,Spain,76,14,Pass,Pass,SecondHalf,70.5,47.2,66.8,35.3,Successful
Rodri,Spain,76,17,Pass,Pass,SecondHalf,67.4,30.5,70.6,22.0,Successful
Dani Olmo,Spain,76,18,Pass,Pass,SecondHalf,70.9,21.7,67.2,15.1,Successful
Pedro Porro,Spain,76,22,Pass,Pass,SecondHalf,67.3,15.7,57.1,51.6,Successful
Pau Cubarsí,Spain,76,26,Pass,Pass,SecondHalf,63.3,52.4,63.1,37.0,Successful
Rodri,Spain,76,30,Pass,Pass,SecondHalf,63.6,37.1,63.3,57.5,Successful
Pau Cubarsí,Spain,76,33,Pass,Pass,SecondHalf,63.2,59.0,60.7,39.2,Successful
Rodri,Spain,76,35,Pass,Pass,SecondHalf,61.5,38.2,70.7,30.5,Successful
Pedri,Spain,76,39,Pass,Pass,SecondHalf,71.2,24.2,67.9,17.2,Successful
Pedro Porro,Spain,76,41,Pass,Pass,SecondHalf,67.7,17.2,65.1,26.5,Successful
Pedri,Spain,76,46,Key Pass,Pass,SecondHalf,67.3,24.5,98.8,31.7,Successful
Ferran Torres,Spain,76,50,Shot off Target,MissedShots,SecondHalf,98.8,31.7,0.0,0.0,Successful
Renato Veiga,Portugal,77,7,Pass,Pass,SecondHalf,4.6,59.2,3.3,49.9,Successful
Diogo Costa,Portugal,77,10,Long Pass,Pass,SecondHalf,3.3,45.1,80.3,38.8,Unsuccessful
Unai Simón,Spain,77,15,Ball Recovery,BallRecovery,SecondHalf,23.2,65.3,0.0,0.0,Successful
Unai Simón,Spain,77,17,Pass,Pass,SecondHalf,25.9,63.5,33.2,48.5,Successful
Pau Cubarsí,Spain,77,19,Pass,Pass,SecondHalf,33.2,48.2,48.3,47.8,Successful
Rodri,Spain,77,24,Pass,Pass,SecondHalf,53.1,58.7,56.0,70.1,Successful
Pedri,Spain,77,27,Pass,Pass,SecondHalf,55.9,75.2,60.8,94.1,Successful
Marc Cucurella,Spain,77,29,Pass,Pass,SecondHalf,57.7,94.1,38.8,89.4,Successful
Aymeric Laporte,Spain,77,32,Pass,Pass,SecondHalf,35.6,87.6,35.5,43.0,Successful
Pau Cubarsí,Spain,77,35,Pass,Pass,SecondHalf,36.6,37.9,48.5,41.8,Successful
Mikel Oyarzabal,Spain,77,37,Pass,Pass,SecondHalf,48.5,41.8,45.3,53.3,Successful
Rodri,Spain,77,39,Pass,Pass,SecondHalf,45.9,54.3,59.1,66.9,Successful
Ferran Torres,Spain,77,42,Pass,Pass,SecondHalf,67.5,71.7,60.9,94.2,Successful
Marc Cucurella,Spain,77,44,Pass,Pass,SecondHalf,60.9,92.6,59.7,75.3,Successful
Pedri,Spain,77,46,Pass,Pass,SecondHalf,60.3,72.3,61.9,58.5,Successful
Rodri,Spain,77,47,Pass,Pass,SecondHalf,62.7,53.6,72.3,32.0,Successful
Mikel Oyarzabal,Spain,77,51,Key Pass,Pass,SecondHalf,73.4,50.4,81.3,37.9,Successful
Dani Olmo,Spain,77,55,Shot on Target,SavedShot,SecondHalf,86.9,32.3,0.0,0.0,Successful
Rúben Dias,Portugal,77,55,Save,Save,SecondHalf,9.8,63.7,0.0,0.0,Successful
Dani Olmo,Spain,77,56,CornerAwarded,CornerAwarded,SecondHalf,89.8,34.9,0.0,0.0,Successful
Rúben Dias,Portugal,77,56,CornerAwarded,CornerAwarded,SecondHalf,10.1,65.0,0.0,0.0,Unsuccessful
Lamine Yamal,Spain,78,23,Cross,Pass,SecondHalf,99.5,0.5,97.1,57.2,Unsuccessful
Diogo Costa,Portugal,78,27,Clearance,Clearance,SecondHalf,4.0,44.2,8.7,19.6,Successful
Rodri,Spain,78,31,Cross,Pass,SecondHalf,85.9,83.4,95.2,47.9,Unsuccessful
Diogo Costa,Portugal,78,33,Aerial Won,Aerial,SecondHalf,4.8,52.1,0.0,0.0,Successful
Aymeric Laporte,Spain,78,33,Aerial Lost,Aerial,SecondHalf,95.2,47.9,0.0,0.0,Unsuccessful
Diogo Costa,Portugal,78,34,Punch,Punch,SecondHalf,4.8,52.1,34.9,58.5,Unsuccessful
Dani Olmo,Spain,78,37,Pass,Pass,SecondHalf,69.8,31.4,76.5,5.6,Successful
Lamine Yamal,Spain,78,44,Through Ball,Pass,SecondHalf,79.2,7.0,94.2,31.1,Successful
Ferran Torres,Spain,78,46,Pass,Pass,SecondHalf,96.2,31.3,95.3,39.9,Unsuccessful
Renato Veiga,Portugal,78,47,BallTouch,BallTouch,SecondHalf,2.8,59.9,0.0,0.0,Successful
Nélson Semedo,Portugal,78,49,Clearance,Clearance,SecondHalf,3.4,45.4,0.0,70.9,Successful
Ferran Torres,Spain,78,50,CornerAwarded,CornerAwarded,SecondHalf,99.1,34.0,0.0,0.0,Successful
Nélson Semedo,Portugal,78,50,CornerAwarded,CornerAwarded,SecondHalf,1.0,65.9,0.0,0.0,Unsuccessful
Lamine Yamal,Spain,79,26,Cross,Pass,SecondHalf,99.5,0.5,92.6,48.8,Unsuccessful
Cristiano Ronaldo,Portugal,79,29,Clearance,Clearance,SecondHalf,9.1,54.7,15.6,37.9,Successful
Rodri,Spain,79,30,BallTouch,BallTouch,SecondHalf,86.9,62.0,0.0,0.0,Unsuccessful
,Portugal,79,31,Foul,Foul,SecondHalf,13.6,39.3,0.0,0.0,Successful
Rodri,Spain,79,31,Foul,Foul,SecondHalf,86.4,60.8,0.0,0.0,Unsuccessful
Rúben Dias,Portugal,79,58,Long Pass,Pass,SecondHalf,22.6,32.8,57.3,100.0,Unsuccessful
Pedro Porro,Spain,80,7,Throw In,Pass,SecondHalf,41.9,0.0,24.9,6.2,Successful
Pau Cubarsí,Spain,80,11,Pass,Pass,SecondHalf,24.4,9.7,39.9,24.1,Successful
Rodri,Spain,80,16,Pass,Pass,SecondHalf,40.6,24.4,35.0,32.0,Successful
Pau Cubarsí,Spain,80,17,Pass,Pass,SecondHalf,35.8,33.4,56.2,42.4,Successful
Ferran Torres,Spain,80,20,Pass,Pass,SecondHalf,55.4,41.0,47.6,33.5,Successful
Pedri,Spain,80,22,Pass,Pass,SecondHalf,57.2,29.6,73.0,4.0,Successful
Lamine Yamal,Spain,80,26,Pass,Pass,SecondHalf,77.4,11.3,77.8,27.5,Successful
Ferran Torres,Spain,80,27,Pass,Pass,SecondHalf,77.6,27.7,88.3,30.8,Unsuccessful
Nélson Semedo,Portugal,80,28,Clearance,Clearance,SecondHalf,7.2,71.4,37.8,51.9,Successful
Bruno Fernandes,Portugal,80,32,Aerial Won,Aerial,SecondHalf,37.8,51.9,0.0,0.0,Successful
Pau Cubarsí,Spain,80,32,Aerial Lost,Aerial,SecondHalf,62.2,48.1,0.0,0.0,Unsuccessful
Bruno Fernandes,Portugal,80,32,Pass,Pass,SecondHalf,37.8,51.9,36.3,26.7,Successful
Pedro Neto,Portugal,80,35,Ball Recovery,BallRecovery,SecondHalf,39.3,24.6,0.0,0.0,Successful
Pedro Neto,Portugal,80,35,Pass,Pass,SecondHalf,48.1,22.9,59.7,7.2,Successful
Cristiano Ronaldo,Portugal,80,38,Pass,Pass,SecondHalf,60.8,11.5,39.5,12.3,Successful
Diogo Dalot,Portugal,80,42,Pass,Pass,SecondHalf,45.9,24.3,47.1,48.6,Successful
Vitinha,Portugal,80,43,Pass,Pass,SecondHalf,47.1,48.6,32.8,39.1,Successful
Rúben Dias,Portugal,80,46,Pass,Pass,SecondHalf,34.2,37.2,33.0,60.4,Successful
Renato Veiga,Portugal,80,49,Pass,Pass,SecondHalf,30.8,62.5,32.1,89.8,Successful
Nélson Semedo,Portugal,80,51,Pass,Pass,SecondHalf,32.1,89.8,48.0,98.1,Successful
João Neves,Portugal,80,53,Pass,Pass,SecondHalf,48.0,98.1,62.3,97.6,Successful
Pedro Porro,Spain,80,59,Challenge,Challenge,SecondHalf,12.2,19.4,0.0,0.0,Unsuccessful
Rafael Leão,Portugal,80,59,Successful Dribble,TakeOn,SecondHalf,87.8,80.6,0.0,0.0,Successful
Rafael Leão,Portugal,81,1,Pass,Pass,SecondHalf,92.5,78.5,92.0,76.5,Unsuccessful
Pedro Porro,Spain,81,1,BlockedPass,BlockedPass,SecondHalf,8.0,23.5,0.0,0.0,Successful
Unai Simón,Spain,81,3,KeeperPickup,KeeperPickup,SecondHalf,3.6,43.0,0.0,0.0,Successful
Unai Simón,Spain,81,5,Pass,Pass,SecondHalf,13.6,39.2,29.6,62.7,Successful
Pedri,Spain,81,10,Pass,Pass,SecondHalf,41.6,72.9,57.5,91.7,Successful
Ferran Torres,Spain,81,14,Pass,Pass,SecondHalf,59.8,90.6,54.5,77.0,Successful
Pedri,Spain,81,17,Pass,Pass,SecondHalf,53.6,74.4,47.2,53.4,Successful
Rodri,Spain,81,19,Pass,Pass,SecondHalf,51.7,51.3,66.3,59.4,Successful
Dani Olmo,Spain,81,23,Pass,Pass,SecondHalf,75.2,71.6,76.6,83.9,Successful
Ferran Torres,Spain,81,26,Pass,Pass,SecondHalf,74.7,76.5,68.7,66.6,Successful
Pedri,Spain,81,29,Pass,Pass,SecondHalf,67.1,64.2,65.4,51.2,Successful
Rodri,Spain,81,31,Pass,Pass,SecondHalf,65.5,49.9,72.1,29.3,Successful
Mikel Oyarzabal,Spain,81,34,Pass,Pass,SecondHalf,75.8,30.1,83.5,14.0,Successful
Lamine Yamal,Spain,81,37,Pass,Pass,SecondHalf,86.2,24.7,81.3,34.0,Successful
Mikel Oyarzabal,Spain,81,38,Pass,Pass,SecondHalf,84.9,34.0,88.1,39.1,Unsuccessful
Renato Veiga,Portugal,81,39,BallTouch,BallTouch,SecondHalf,10.6,57.1,0.0,0.0,Successful
Mikel Oyarzabal,Spain,81,40,BallTouch,BallTouch,SecondHalf,85.2,37.9,0.0,0.0,Unsuccessful
Renato Veiga,Portugal,81,41,Ball Recovery,BallRecovery,SecondHalf,10.6,54.0,0.0,0.0,Successful
Renato Veiga,Portugal,81,42,Pass,Pass,SecondHalf,14.1,63.8,22.9,67.5,Successful
Bruno Fernandes,Portugal,81,43,Pass,Pass,SecondHalf,31.9,72.6,25.5,86.5,Successful
Pedro Porro,Spain,81,44,Challenge,Challenge,SecondHalf,72.6,12.4,0.0,0.0,Unsuccessful
Rafael Leão,Portugal,81,44,Successful Dribble,TakeOn,SecondHalf,27.4,87.6,0.0,0.0,Successful
Rafael Leão,Portugal,81,46,Pass,Pass,SecondHalf,33.8,92.7,54.5,93.4,Successful
Bruno Fernandes,Portugal,81,49,Chipped Pass,Pass,SecondHalf,53.1,96.7,54.7,95.7,Unsuccessful
Pau Cubarsí,Spain,81,51,BallTouch,BallTouch,SecondHalf,42.1,8.2,0.0,0.0,Successful
Pedro Neto,Portugal,82,19,Substitution Off,SubstitutionOff,SecondHalf,0.0,0.0,0.0,0.0,Successful
Francisco Conceição,Portugal,82,19,Substitution On,SubstitutionOn,SecondHalf,0.0,0.0,0.0,0.0,Successful
Vitinha,Portugal,82,40,Substitution Off,SubstitutionOff,SecondHalf,0.0,0.0,0.0,0.0,Successful
Bernardo Silva,Portugal,82,40,Substitution On,SubstitutionOn,SecondHalf,0.0,0.0,0.0,0.0,Successful
Nélson Semedo,Portugal,82,57,Throw In,Pass,SecondHalf,56.1,100.0,59.6,94.3,Successful
Bruno Fernandes,Portugal,82,58,Pass,Pass,SecondHalf,59.6,94.3,45.4,96.0,Successful
Nélson Semedo,Portugal,83,4,Foul,Foul,SecondHalf,42.2,96.0,0.0,0.0,Successful
Lamine Yamal,Spain,83,4,Foul,Foul,SecondHalf,57.8,4.1,0.0,0.0,Unsuccessful
Bernardo Silva,Portugal,83,13,Pass,Pass,SecondHalf,40.9,90.1,45.7,96.3,Successful
Bruno Fernandes,Portugal,83,15,Pass,Pass,SecondHalf,44.3,97.7,54.0,97.3,Successful
Rafael Leão,Portugal,83,22,BallTouch,BallTouch,SecondHalf,82.5,98.5,0.0,0.0,Unsuccessful
Pedro Porro,Spain,83,24,Clearance,Clearance,SecondHalf,19.9,5.6,10.4,0.0,Successful
Bruno Fernandes,Portugal,83,30,Throw In,Pass,SecondHalf,83.8,100.0,73.6,89.7,Successful
Bernardo Silva,Portugal,83,31,Pass,Pass,SecondHalf,73.6,89.7,83.7,95.2,Successful
Bruno Fernandes,Portugal,83,35,Cross,Pass,SecondHalf,90.6,96.6,87.3,0.0,Unsuccessful
Marc Cucurella,Spain,83,55,Throw In,Pass,SecondHalf,22.8,100.0,34.5,96.5,Successful
Ferran Torres,Spain,83,57,BallTouch,BallTouch,SecondHalf,34.5,95.4,0.0,0.0,Unsuccessful
Francisco Conceição,Portugal,83,58,Pass,Pass,SecondHalf,68.1,7.0,66.5,7.0,Unsuccessful
Ferran Torres,Spain,83,59,Pass,Pass,SecondHalf,32.3,90.6,37.8,74.3,Unsuccessful
Rúben Dias,Portugal,84,0,Pass,Pass,SecondHalf,59.7,10.6,61.9,12.1,Unsuccessful
Mikel Oyarzabal,Spain,84,0,BlockedPass,BlockedPass,SecondHalf,38.1,87.9,0.0,0.0,Successful
Bernardo Silva,Portugal,84,1,Ball Recovery,BallRecovery,SecondHalf,66.8,15.9,0.0,0.0,Successful
Bernardo Silva,Portugal,84,2,Pass,Pass,SecondHalf,66.8,15.9,71.8,19.5,Successful
Bruno Fernandes,Portugal,84,3,Pass,Pass,SecondHalf,72.3,19.3,68.6,6.1,Successful
Francisco Conceição,Portugal,84,6,Unsuccessful Dribble,TakeOn,SecondHalf,67.5,6.6,0.0,0.0,Unsuccessful
Pedri,Spain,84,6,Successful Tackle,Tackle,SecondHalf,32.5,93.4,0.0,0.0,Successful
Pedri,Spain,84,7,BallTouch,BallTouch,SecondHalf,34.8,93.6,0.0,0.0,Unsuccessful
Francisco Conceição,Portugal,84,8,Pass,Pass,SecondHalf,67.0,5.2,62.3,4.8,Unsuccessful
Ferran Torres,Spain,84,8,BlockedPass,BlockedPass,SecondHalf,37.7,95.2,0.0,0.0,Successful
Pedri,Spain,84,30,Substitution Off,SubstitutionOff,SecondHalf,0.0,0.0,0.0,0.0,Successful
Fabián Ruiz,Spain,84,30,Substitution On,SubstitutionOn,SecondHalf,0.0,0.0,0.0,0.0,Successful
Dani Olmo,Spain,84,43,Substitution Off,SubstitutionOff,SecondHalf,0.0,0.0,0.0,0.0,Successful
Mikel Merino,Spain,84,43,Substitution On,SubstitutionOn,SecondHalf,0.0,0.0,0.0,0.0,Successful
Diogo Dalot,Portugal,84,57,Long Pass,Pass,SecondHalf,70.3,0.0,90.9,9.6,Unsuccessful
Fabián Ruiz,Spain,85,1,Pass,Pass,SecondHalf,10.6,89.7,24.0,84.2,Unsuccessful
Diogo Dalot,Portugal,85,2,BallTouch,BallTouch,SecondHalf,75.7,12.6,0.0,0.0,Unsuccessful
Rodri,Spain,85,4,Ball Recovery,BallRecovery,SecondHalf,24.8,75.8,0.0,0.0,Successful
Rodri,Spain,85,6,Pass,Pass,SecondHalf,25.8,75.5,26.4,67.8,Successful
Lamine Yamal,Spain,85,11,Pass,Pass,SecondHalf,64.5,35.8,72.4,26.5,Successful
Mikel Oyarzabal,Spain,85,14,Pass,Pass,SecondHalf,74.4,26.5,71.9,33.4,Successful
Rodri,Spain,85,16,Pass,Pass,SecondHalf,71.9,33.4,73.3,27.1,Successful
Lamine Yamal,Spain,85,17,Long Pass,Pass,SecondHalf,73.8,28.7,73.7,81.5,Successful
Fabián Ruiz,Spain,85,21,Cross,Pass,SecondHalf,81.0,74.0,82.3,71.4,Unsuccessful
Francisco Conceição,Portugal,85,23,BallTouch,BallTouch,SecondHalf,18.5,30.3,0.0,0.0,Successful
Diogo Costa,Portugal,85,25,Claim,Claim,SecondHalf,3.0,52.3,0.0,0.0,Successful
Diogo Costa,Portugal,85,33,Pass,Pass,SecondHalf,9.5,49.9,11.1,23.2,Successful
Rúben Dias,Portugal,85,35,Pass,Pass,SecondHalf,11.4,18.0,15.9,4.8,Successful
Diogo Dalot,Portugal,85,38,Long Pass,Pass,SecondHalf,15.9,4.8,66.1,22.3,Unsuccessful
Marc Cucurella,Spain,85,42,Clearance,Clearance,SecondHalf,27.8,77.9,43.0,90.8,Successful
Aymeric Laporte,Spain,85,45,Ball Recovery,BallRecovery,SecondHalf,40.1,91.2,0.0,0.0,Successful
Aymeric Laporte,Spain,85,45,Pass,Pass,SecondHalf,39.9,90.5,41.4,73.5,Successful
Rodri,Spain,85,48,Pass,Pass,SecondHalf,38.1,66.8,29.3,76.5,Successful
Marc Cucurella,Spain,85,54,Pass,Pass,SecondHalf,31.9,77.3,24.0,74.7,Successful
Aymeric Laporte,Spain,86,1,Pass,Pass,SecondHalf,31.8,71.7,37.7,78.6,Successful
Fabián Ruiz,Spain,86,5,Pass,Pass,SecondHalf,41.8,76.2,51.5,70.2,Successful
Ferran Torres,Spain,86,7,Pass,Pass,SecondHalf,51.5,70.2,51.7,89.3,Successful
Marc Cucurella,Spain,86,11,Pass,Pass,SecondHalf,62.4,89.1,56.3,77.0,Successful
Fabián Ruiz,Spain,86,13,Pass,Pass,SecondHalf,57.4,75.0,65.7,35.0,Successful
Mikel Oyarzabal,Spain,86,16,Pass,Pass,SecondHalf,65.7,35.0,39.8,23.2,Successful
Pedro Porro,Spain,86,21,Pass,Pass,SecondHalf,41.0,24.8,39.6,35.5,Successful
Pau Cubarsí,Spain,86,24,Pass,Pass,SecondHalf,42.0,38.2,54.3,70.1,Successful
Aymeric Laporte,Spain,86,29,Pass,Pass,SecondHalf,63.2,88.5,62.1,73.8,Successful
Ferran Torres,Spain,86,31,Pass,Pass,SecondHalf,61.5,72.8,46.6,63.0,Successful
Pau Cubarsí,Spain,86,33,Pass,Pass,SecondHalf,45.8,62.7,25.5,57.3,Successful
Unai Simón,Spain,86,36,Pass,Pass,SecondHalf,25.6,58.1,33.9,75.3,Successful
Aymeric Laporte,Spain,86,39,Pass,Pass,SecondHalf,32.1,74.9,28.0,48.4,Successful
Pau Cubarsí,Spain,86,42,Pass,Pass,SecondHalf,28.0,48.4,13.4,58.5,Successful
Unai Simón,Spain,86,43,Pass,Pass,SecondHalf,13.3,57.5,23.0,24.2,Successful
Rodri,Spain,86,47,Long Pass,Pass,SecondHalf,25.3,22.6,59.3,21.5,Unsuccessful
Nélson Semedo,Portugal,86,49,Long Pass,Pass,SecondHalf,32.4,72.9,61.4,55.9,Unsuccessful
Fabián Ruiz,Spain,86,51,Pass,Pass,SecondHalf,39.1,44.6,48.4,52.8,Successful
Mikel Merino,Spain,86,58,Pass,Pass,SecondHalf,69.5,71.7,66.7,61.5,Successful
Fabián Ruiz,Spain,87,0,Pass,Pass,SecondHalf,65.0,54.0,68.7,34.7,Successful
Rodri,Spain,87,3,Pass,Pass,SecondHalf,67.8,32.0,69.7,23.3,Successful
Pedro Porro,Spain,87,7,Pass,Pass,SecondHalf,71.6,22.9,81.2,5.0,Successful
Lamine Yamal,Spain,87,11,Pass,Pass,SecondHalf,81.8,5.5,93.2,24.2,Successful
Ferran Torres,Spain,87,17,Through Ball,Pass,SecondHalf,81.5,34.6,99.1,34.3,Unsuccessful
Diogo Costa,Portugal,87,20,Ball Recovery,BallRecovery,SecondHalf,1.6,67.9,0.0,0.0,Successful
Diogo Costa,Portugal,87,43,Pass,Pass,SecondHalf,6.6,46.0,13.5,43.6,Successful
Bernardo Silva,Portugal,87,44,Pass,Pass,SecondHalf,13.3,41.4,17.7,4.5,Successful
Rúben Dias,Portugal,87,47,Pass,Pass,SecondHalf,24.4,11.5,22.0,32.7,Successful
Bernardo Silva,Portugal,87,49,Pass,Pass,SecondHalf,22.0,32.7,30.6,8.8,Successful
Rúben Dias,Portugal,87,52,Pass,Pass,SecondHalf,35.0,4.8,58.8,13.5,Successful
Diogo Dalot,Portugal,87,54,Pass,Pass,SecondHalf,58.8,13.5,59.0,4.2,Successful
Francisco Conceição,Portugal,87,56,Pass,Pass,SecondHalf,59.2,4.2,69.8,5.2,Successful
Diogo Dalot,Portugal,88,0,Pass,Pass,SecondHalf,88.0,8.7,74.7,27.6,Successful
Francisco Conceição,Portugal,88,1,BallTouch,BallTouch,SecondHalf,74.7,27.6,0.0,0.0,Unsuccessful
Rodri,Spain,88,2,Pass,Pass,SecondHalf,25.4,68.9,30.2,77.0,Successful
Mikel Merino,Spain,88,3,Ball Recovery,BallRecovery,SecondHalf,30.3,77.1,0.0,0.0,Successful
Mikel Merino,Spain,88,6,Foul,Foul,SecondHalf,35.8,88.4,0.0,0.0,Successful
Bernardo Silva,Portugal,88,6,Foul,Foul,SecondHalf,64.2,11.6,0.0,0.0,Unsuccessful
Bernardo Silva,Portugal,88,9,Card,Card,SecondHalf,0.0,0.0,0.0,0.0,Successful
Marc Cucurella,Spain,88,45,Pass,Pass,SecondHalf,38.1,93.6,29.0,89.7,Successful
Aymeric Laporte,Spain,88,48,Pass,Pass,SecondHalf,29.0,89.7,18.3,54.0,Successful
Pau Cubarsí,Spain,88,52,Pass,Pass,SecondHalf,14.0,42.8,8.0,58.8,Successful
Unai Simón,Spain,88,56,Long Pass,Pass,SecondHalf,8.6,56.7,56.1,42.7,Unsuccessful
Renato Veiga,Portugal,88,59,Aerial Won,Aerial,SecondHalf,43.9,57.3,0.0,0.0,Successful
Mikel Oyarzabal,Spain,88,59,Aerial Lost,Aerial,SecondHalf,56.1,42.7,0.0,0.0,Unsuccessful
Renato Veiga,Portugal,88,59,Clearance,Clearance,SecondHalf,43.9,57.3,57.0,47.5,Successful
Rúben Dias,Portugal,89,1,Pass,Pass,SecondHalf,57.0,47.5,60.6,63.0,Unsuccessful
Pedro Porro,Spain,89,2,BallTouch,BallTouch,SecondHalf,39.4,29.8,0.0,0.0,Unsuccessful
Bernardo Silva,Portugal,89,4,Long Pass,Pass,SecondHalf,56.0,62.2,80.4,46.5,Unsuccessful
Aymeric Laporte,Spain,89,6,Pass,Pass,SecondHalf,24.2,59.4,14.1,56.9,Successful
Unai Simón,Spain,89,8,KeeperPickup,KeeperPickup,SecondHalf,13.9,56.9,0.0,0.0,Successful
Unai Simón,Spain,89,9,Pass,Pass,SecondHalf,13.9,56.9,27.1,46.1,Successful
Rodri,Spain,89,16,Pass,Pass,SecondHalf,35.0,59.4,54.2,68.1,Successful
Ferran Torres,Spain,89,20,Pass,Pass,SecondHalf,57.7,68.6,53.7,75.3,Successful
Fabián Ruiz,Spain,89,21,Pass,Pass,SecondHalf,53.7,75.3,48.6,64.2,Successful
Rodri,Spain,89,26,Pass,Pass,SecondHalf,56.4,48.8,59.4,21.5,Successful
Pedro Porro,Spain,89,33,Pass,Pass,SecondHalf,71.2,22.9,80.2,5.5,Successful
Lamine Yamal,Spain,89,42,Pass,Pass,SecondHalf,84.4,12.2,78.7,24.7,Successful
Ferran Torres,Spain,89,43,Pass,Pass,SecondHalf,78.7,24.7,75.9,14.2,Successful
Pedro Porro,Spain,89,46,Pass,Pass,SecondHalf,72.2,14.2,57.1,24.5,Successful
Pau Cubarsí,Spain,89,49,Pass,Pass,SecondHalf,55.0,25.6,55.7,57.5,Successful
Aymeric Laporte,Spain,89,52,Pass,Pass,SecondHalf,57.6,59.7,60.9,40.9,Successful
Rodri,Spain,89,55,Pass,Pass,SecondHalf,61.8,41.2,66.1,53.0,Successful
Mikel Merino,Spain,89,58,Foul,Foul,SecondHalf,65.7,55.6,0.0,0.0,Successful
Bernardo Silva,Portugal,89,58,Foul,Foul,SecondHalf,34.3,44.4,0.0,0.0,Unsuccessful
Mikel Merino,Spain,90,1,Pass,Pass,SecondHalf,68.4,53.3,71.1,74.0,Successful
Fabián Ruiz,Spain,90,3,Pass,Pass,SecondHalf,70.1,74.6,67.5,63.9,Successful
Rodri,Spain,90,4,Pass,Pass,SecondHalf,67.5,63.9,72.9,60.5,Successful
Ferran Torres,Spain,90,5,Assist,Pass,SecondHalf,73.5,59.5,87.9,56.7,Successful
Mikel Merino,Spain,90,7,Goal,Goal,SecondHalf,87.9,56.7,0.0,0.0,Successful
Bernardo Silva,Portugal,91,35,Pass,Pass,SecondHalf,49.9,49.9,43.8,52.0,Successful
Bruno Fernandes,Portugal,91,39,Pass,Pass,SecondHalf,44.7,51.4,44.5,83.8,Successful
Nélson Semedo,Portugal,91,42,Pass,Pass,SecondHalf,52.6,83.7,62.5,98.2,Successful
Rafael Leão,Portugal,91,46,Unsuccessful Dribble,TakeOn,SecondHalf,63.8,95.1,0.0,0.0,Unsuccessful
Lamine Yamal,Spain,91,46,Successful Tackle,Tackle,SecondHalf,36.2,4.9,0.0,0.0,Successful
Pedro Porro,Spain,91,48,BallTouch,BallTouch,SecondHalf,33.5,2.9,0.0,0.0,Successful
Lamine Yamal,Spain,91,49,BallTouch,BallTouch,SecondHalf,35.6,2.5,0.0,0.0,Unsuccessful
Nélson Semedo,Portugal,91,58,Throw In,Pass,SecondHalf,57.6,100.0,54.3,89.7,Successful
João Neves,Portugal,92,0,Pass,Pass,SecondHalf,54.3,89.7,55.6,97.3,Successful
Nélson Semedo,Portugal,92,1,Pass,Pass,SecondHalf,55.7,98.7,60.1,98.1,Unsuccessful
Lamine Yamal,Spain,92,2,BallTouch,BallTouch,SecondHalf,39.1,4.1,0.0,0.0,Successful
Rafael Leão,Portugal,92,6,Pass,Pass,SecondHalf,64.2,98.2,72.6,95.8,Unsuccessful
Rodri,Spain,92,8,Pass,Pass,SecondHalf,29.5,4.1,24.1,15.7,Successful
Pau Cubarsí,Spain,92,9,Ball Recovery,BallRecovery,SecondHalf,24.1,15.7,0.0,0.0,Successful
Pau Cubarsí,Spain,92,9,Pass,Pass,SecondHalf,24.1,15.7,30.5,14.9,Successful
Mikel Merino,Spain,92,10,Pass,Pass,SecondHalf,31.9,16.4,47.2,31.4,Successful
Ferran Torres,Spain,92,13,Loss of Possession,Dispossessed,SecondHalf,53.3,29.6,0.0,0.0,Successful
Diogo Dalot,Portugal,92,13,Successful Tackle,Tackle,SecondHalf,46.7,70.5,0.0,0.0,Successful
Bruno Fernandes,Portugal,92,14,Ball Recovery,BallRecovery,SecondHalf,45.3,64.0,0.0,0.0,Successful
Bruno Fernandes,Portugal,92,15,Pass,Pass,SecondHalf,46.0,57.4,46.9,32.1,Successful
Rúben Dias,Portugal,92,19,Pass,Pass,SecondHalf,58.1,27.9,71.5,6.0,Successful
Francisco Conceição,Portugal,92,23,Pass,Pass,SecondHalf,70.6,8.4,58.1,28.3,Successful
Bruno Fernandes,Portugal,92,25,Long Pass,Pass,SecondHalf,58.8,29.7,74.1,96.6,Unsuccessful
Pedro Porro,Spain,92,29,Aerial Won,Aerial,SecondHalf,25.9,3.4,0.0,0.0,Successful
Rafael Leão,Portugal,92,29,Aerial Lost,Aerial,SecondHalf,74.1,96.6,0.0,0.0,Unsuccessful
Pedro Porro,Spain,92,30,Interception,Interception,SecondHalf,24.7,9.4,0.0,0.0,Successful
Nélson Semedo,Portugal,92,36,Throw In,Pass,SecondHalf,64.9,100.0,59.3,94.3,Successful
Renato Veiga,Portugal,92,39,Pass,Pass,SecondHalf,56.5,89.7,73.4,96.4,Successful
Nélson Semedo,Portugal,92,41,Unsuccessful Dribble,TakeOn,SecondHalf,74.2,95.6,0.0,0.0,Unsuccessful
Lamine Yamal,Spain,92,41,Was Dribbled,Tackle,SecondHalf,25.7,4.4,0.0,0.0,Unsuccessful
João Neves,Portugal,92,46,Pass,Pass,SecondHalf,76.1,86.4,83.0,95.1,Successful
Nélson Semedo,Portugal,92,51,Pass,Pass,SecondHalf,79.3,94.6,77.4,83.8,Unsuccessful
Rodri,Spain,92,53,BallTouch,BallTouch,SecondHalf,25.0,13.4,0.0,0.0,Successful
Mikel Merino,Spain,92,54,Pass,Pass,SecondHalf,22.6,17.5,32.3,4.0,Successful
Lamine Yamal,Spain,92,56,Ball Recovery,BallRecovery,SecondHalf,33.0,4.0,0.0,0.0,Successful
Lamine Yamal,Spain,92,57,Unsuccessful Dribble,TakeOn,SecondHalf,38.4,4.0,0.0,0.0,Unsuccessful
Lamine Yamal,Spain,92,58,Foul,Foul,SecondHalf,40.2,2.8,0.0,0.0,Successful
Renato Veiga,Portugal,92,58,Foul,Foul,SecondHalf,59.8,97.3,0.0,0.0,Unsuccessful
Renato Veiga,Portugal,93,2,Card,Card,SecondHalf,0.0,0.0,0.0,0.0,Successful
Pedro Porro,Spain,93,23,Long Pass,Pass,SecondHalf,41.5,4.1,79.7,25.1,Successful
Ferran Torres,Spain,93,27,BallTouch,BallTouch,SecondHalf,79.7,25.1,0.0,0.0,Unsuccessful
Diogo Costa,Portugal,93,28,KeeperPickup,KeeperPickup,SecondHalf,8.2,57.0,0.0,0.0,Successful
Diogo Costa,Portugal,93,28,Pass,Pass,SecondHalf,8.2,57.0,24.9,23.1,Successful
Diogo Dalot,Portugal,93,33,Pass,Pass,SecondHalf,28.8,26.8,27.3,66.6,Successful
Renato Veiga,Portugal,93,37,Pass,Pass,SecondHalf,33.5,68.7,53.6,97.3,Successful
Rafael Leão,Portugal,93,48,Unsuccessful Dribble,TakeOn,SecondHalf,84.4,93.4,0.0,0.0,Unsuccessful
Pedro Porro,Spain,93,48,Was Dribbled,Tackle,SecondHalf,15.5,6.5,0.0,0.0,Unsuccessful
Rafael Leão,Portugal,93,49,Pass,Pass,SecondHalf,84.7,95.8,71.3,90.7,Successful
Nélson Semedo,Portugal,93,52,Cross,Pass,SecondHalf,72.9,87.4,88.4,59.4,Unsuccessful
Rodri,Spain,93,54,Clearance,Clearance,SecondHalf,14.2,40.9,28.2,40.6,Successful
Rúben Dias,Portugal,93,55,Pass,Pass,SecondHalf,71.2,56.7,77.4,22.2,Successful
Bernardo Silva,Portugal,93,58,Pass,Pass,SecondHalf,76.1,22.9,85.6,8.1,Successful
Francisco Conceição,Portugal,94,2,Pass,Pass,SecondHalf,88.3,10.2,68.5,23.4,Successful
Bruno Fernandes,Portugal,94,4,Cross,Pass,SecondHalf,72.8,22.9,91.6,90.7,Successful
Rafael Leão,Portugal,94,15,Pass,Pass,SecondHalf,88.6,84.1,71.8,82.3,Successful
Nélson Semedo,Portugal,94,20,Pass,Pass,SecondHalf,70.4,65.8,69.7,43.0,Successful
Rúben Dias,Portugal,94,25,Pass,Pass,SecondHalf,71.2,64.8,79.2,93.6,Successful
Rafael Leão,Portugal,94,27,Cross,Pass,SecondHalf,72.7,87.0,89.9,53.4,Unsuccessful
Pau Cubarsí,Spain,94,30,Clearance,Clearance,SecondHalf,10.0,47.6,9.4,15.1,Successful
Fabián Ruiz,Spain,94,32,Clearance,Clearance,SecondHalf,9.4,12.7,73.5,9.4,Successful
Diogo Costa,Portugal,94,39,Pass,Pass,SecondHalf,27.0,88.0,34.6,82.6,Successful
Renato Veiga,Portugal,94,42,Pass,Pass,SecondHalf,37.5,78.1,43.7,42.3,Successful
Bruno Fernandes,Portugal,94,48,Pass,Pass,SecondHalf,53.1,34.9,56.5,14.1,Successful
Rúben Dias,Portugal,94,50,Pass,Pass,SecondHalf,60.5,10.8,75.2,5.1,Successful
Francisco Conceição,Portugal,94,56,Pass,Pass,SecondHalf,78.5,9.7,63.2,34.2,Successful
Bruno Fernandes,Portugal,95,0,Pass,Pass,SecondHalf,72.3,42.6,68.3,63.3,Successful
Nélson Semedo,Portugal,95,2,Pass,Pass,SecondHalf,68.3,63.3,61.2,48.7,Successful
Renato Veiga,Portugal,95,4,Pass,Pass,SecondHalf,60.1,45.6,61.8,23.8,Successful
Rúben Dias,Portugal,95,5,Pass,Pass,SecondHalf,61.8,23.8,53.1,45.9,Successful
Renato Veiga,Portugal,95,8,Long Pass,Pass,SecondHalf,53.5,55.2,70.6,100.0,Unsuccessful
Pedro Porro,Spain,95,30,Long Pass,Pass,SecondHalf,35.4,0.0,54.9,8.5,Successful
Mikel Merino,Spain,95,34,Loss of Possession,Dispossessed,SecondHalf,54.8,10.5,0.0,0.0,Successful
João Neves,Portugal,95,34,Was Dribbled,Tackle,SecondHalf,45.2,89.4,0.0,0.0,Unsuccessful
Rodri,Spain,95,34,Pass,Pass,SecondHalf,47.8,10.7,45.8,29.8,Unsuccessful
Francisco Conceição,Portugal,95,36,Ball Recovery,BallRecovery,SecondHalf,55.1,63.7,0.0,0.0,Successful
Francisco Conceição,Portugal,95,36,Pass,Pass,SecondHalf,55.1,63.7,42.9,66.9,Successful
Bernardo Silva,Portugal,95,41,Pass,Pass,SecondHalf,52.8,43.8,60.3,75.1,Successful
Bruno Fernandes,Portugal,95,44,Pass,Pass,SecondHalf,65.3,72.4,72.6,86.2,Successful
João Neves,Portugal,95,47,Pass,Pass,SecondHalf,75.8,79.6,81.5,97.0,Successful
Rafael Leão,Portugal,95,49,Chipped Pass,Pass,SecondHalf,81.5,97.0,66.5,92.4,Successful
Bruno Fernandes,Portugal,95,55,Long Pass,Pass,SecondHalf,65.3,77.2,88.4,7.0,Successful
Francisco Conceição,Portugal,95,59,Key Pass,Pass,SecondHalf,84.3,19.5,93.0,49.9,Successful
Bernardo Silva,Portugal,96,3,Shot off Target,MissedShots,SecondHalf,93.0,49.9,0.0,0.0,Successful
Mikel Oyarzabal,Spain,96,50,Substitution Off,SubstitutionOff,SecondHalf,0.0,0.0,0.0,0.0,Successful
Borja Iglesias,Spain,96,50,Substitution On,SubstitutionOn,SecondHalf,0.0,0.0,0.0,0.0,Successful
Unai Simón,Spain,97,7,Long Pass,Pass,SecondHalf,5.1,59.4,59.7,96.3,Successful
Borja Iglesias,Spain,97,11,BallTouch,BallTouch,SecondHalf,59.0,96.8,0.0,0.0,Unsuccessful
Diogo Dalot,Portugal,97,15,Throw In,Pass,SecondHalf,40.1,0.0,32.9,26.7,Successful
Bernardo Silva,Portugal,97,19,Pass,Pass,SecondHalf,35.8,29.8,36.3,10.8,Successful
Rúben Dias,Portugal,97,21,Pass,Pass,SecondHalf,43.1,10.9,37.6,33.7,Successful
Bernardo Silva,Portugal,97,27,Pass,Pass,SecondHalf,53.0,58.3,42.0,65.2,Successful
Renato Veiga,Portugal,97,29,Pass,Pass,SecondHalf,42.0,66.9,59.2,70.6,Successful
Bernardo Silva,Portugal,97,38,Pass,Pass,SecondHalf,68.4,76.5,72.3,95.1,Unsuccessful
Lamine Yamal,Spain,97,40,Interception,Interception,SecondHalf,27.7,4.9,0.0,0.0,Successful
Bernardo Silva,Portugal,97,42,Throw In,Pass,SecondHalf,63.5,100.0,47.2,88.3,Successful
Renato Veiga,Portugal,97,45,Pass,Pass,SecondHalf,48.5,84.0,45.0,63.9,Successful
Bruno Fernandes,Portugal,97,48,Long Pass,Pass,SecondHalf,45.0,60.6,73.2,4.3,Successful
Francisco Conceição,Portugal,97,53,Foul,Foul,SecondHalf,67.4,12.0,0.0,0.0,Successful
Ferran Torres,Spain,97,53,Foul,Foul,SecondHalf,32.6,88.0,0.0,0.0,Unsuccessful
Ferran Torres,Spain,98,0,Card,Card,SecondHalf,0.0,0.0,0.0,0.0,Successful
Bruno Fernandes,Portugal,98,36,Key Pass,Pass,SecondHalf,76.5,9.4,88.6,40.9,Successful
João Neves,Portugal,98,38,Aerial Won,Aerial,SecondHalf,88.6,40.9,0.0,0.0,Successful
Marc Cucurella,Spain,98,38,Aerial Lost,Aerial,SecondHalf,11.4,59.1,0.0,0.0,Unsuccessful
João Neves,Portugal,98,39,Shot off Target,MissedShots,SecondHalf,88.6,40.9,0.0,0.0,Successful
,Spain,98,42,End,End,SecondHalf,0.0,0.0,0.0,0.0,Successful
,Portugal,98,42,End,End,SecondHalf,0.0,0.0,0.0,0.0,Successful
,Spain,0,0,End,End,FirstHalf,0.0,0.0,0.0,0.0,Successful
,Portugal,0,0,End,End,FirstHalf,0.0,0.0,0.0,0.0,Successful
,Spain,0,0,FormationSet,FormationSet,FirstHalf,0.0,0.0,0.0,0.0,Successful
,Portugal,0,0,FormationSet,FormationSet,FirstHalf,0.0,0.0,0.0,0.0,Successful
