player,team,minute,second,event,raw_event,period,x,y,endX,endY,outcome
,Brighton,0,0,Start,Start,FirstHalf,0.0,0.0,0.0,0.0,Successful
,Chelsea,0,0,Start,Start,FirstHalf,0.0,0.0,0.0,0.0,Successful
Malick Yalcouyé,Brighton,0,0,Pass,Pass,FirstHalf,49.8,50.1,24.7,51.4,Successful
Bart Verbruggen,Brighton,0,3,Long Pass,Pass,FirstHalf,25.6,44.8,68.2,6.6,Unsuccessful
Levi Colwill,Chelsea,0,8,Aerial Won,Aerial,FirstHalf,31.8,93.4,0.0,0.0,Successful
Diego Gómez,Brighton,0,8,Aerial Lost,Aerial,FirstHalf,68.2,6.6,0.0,0.0,Unsuccessful
Levi Colwill,Chelsea,0,8,Pass,Pass,FirstHalf,31.8,93.4,36.3,70.5,Unsuccessful
Olivier Boscagli,Brighton,0,9,Pass,Pass,FirstHalf,62.3,27.8,68.5,31.9,Unsuccessful
Malo Gusto,Chelsea,0,10,Long Pass,Pass,FirstHalf,31.5,68.9,69.9,65.6,Unsuccessful
Lewis Dunk,Brighton,0,13,Pass,Pass,FirstHalf,30.5,31.5,8.3,45.2,Successful
Bart Verbruggen,Brighton,0,19,Pass,Pass,FirstHalf,12.7,48.3,14.9,65.4,Successful
Lewis Dunk,Brighton,0,25,Pass,Pass,FirstHalf,15.8,62.8,8.8,42.5,Successful
Bart Verbruggen,Brighton,0,28,Pass,Pass,FirstHalf,8.2,38.1,8.1,14.8,Successful
Luka Vuskovic,Brighton,0,31,Long Pass,Pass,FirstHalf,9.0,15.6,17.6,75.7,Successful
Lewis Dunk,Brighton,0,35,Pass,Pass,FirstHalf,26.0,82.5,38.3,96.3,Successful
Ferdi Kadioglu,Brighton,0,39,Pass,Pass,FirstHalf,37.6,96.7,43.0,72.2,Successful
Charalampos Kostoulas,Brighton,0,41,Pass,Pass,FirstHalf,41.6,67.9,35.8,55.4,Unsuccessful
Morgan Rogers,Chelsea,0,42,Ball Recovery,BallRecovery,FirstHalf,64.7,46.6,0.0,0.0,Successful
Morgan Rogers,Chelsea,0,43,Pass,Pass,FirstHalf,67.8,48.9,70.5,46.8,Unsuccessful
Charalampos Kostoulas,Brighton,0,45,BallTouch,BallTouch,FirstHalf,29.6,53.8,0.0,0.0,Successful
Bart Verbruggen,Brighton,0,46,KeeperPickup,KeeperPickup,FirstHalf,3.3,74.1,0.0,0.0,Successful
Bart Verbruggen,Brighton,1,4,Pass,Pass,FirstHalf,9.6,46.8,22.1,9.7,Successful
Mats Wieffer,Brighton,1,6,Pass,Pass,FirstHalf,22.9,8.5,9.6,23.1,Successful
Luka Vuskovic,Brighton,1,9,Pass,Pass,FirstHalf,8.7,25.3,7.9,54.4,Successful
Bart Verbruggen,Brighton,1,11,Pass,Pass,FirstHalf,7.8,56.5,14.2,96.7,Successful
Lewis Dunk,Brighton,1,16,Long Pass,Pass,FirstHalf,11.2,88.2,21.9,29.2,Successful
Mats Wieffer,Brighton,1,19,Chipped Pass,Pass,FirstHalf,25.9,27.8,31.8,8.2,Successful
João Pedro,Chelsea,1,24,Challenge,Challenge,FirstHalf,67.8,62.9,0.0,0.0,Unsuccessful
Diego Gómez,Brighton,1,24,Successful Dribble,TakeOn,FirstHalf,32.2,37.1,0.0,0.0,Successful
Diego Gómez,Brighton,1,26,Long Pass,Pass,FirstHalf,32.2,43.8,93.2,13.7,Successful
Pascal Groß,Brighton,1,33,Pass,Pass,FirstHalf,92.3,13.0,82.4,13.2,Successful
Mats Wieffer,Brighton,1,34,Cross,Pass,FirstHalf,81.8,13.1,88.5,39.5,Unsuccessful
Malo Gusto,Chelsea,1,36,Clearance,Clearance,FirstHalf,12.1,59.9,21.1,100.0,Successful
Mats Wieffer,Brighton,1,42,Throw In,Pass,FirstHalf,82.8,0.0,64.8,5.2,Successful
Luka Vuskovic,Brighton,1,50,Pass,Pass,FirstHalf,64.7,15.0,53.4,55.8,Successful
Lewis Dunk,Brighton,1,52,Pass,Pass,FirstHalf,54.4,58.7,59.1,77.5,Successful
Ferdi Kadioglu,Brighton,1,54,Pass,Pass,FirstHalf,62.4,82.0,73.8,95.7,Successful
Maxim De Cuyper,Brighton,1,59,Pass,Pass,FirstHalf,71.8,94.4,54.1,65.8,Successful
Lewis Dunk,Brighton,2,1,Pass,Pass,FirstHalf,53.8,65.0,53.3,48.1,Successful
Luka Vuskovic,Brighton,2,3,Pass,Pass,FirstHalf,53.9,48.1,52.3,64.8,Successful
Lewis Dunk,Brighton,2,5,Pass,Pass,FirstHalf,52.5,63.1,63.4,65.1,Successful
Olivier Boscagli,Brighton,2,6,Pass,Pass,FirstHalf,61.5,64.8,62.4,83.8,Successful
Ferdi Kadioglu,Brighton,2,8,Pass,Pass,FirstHalf,67.1,82.4,74.1,96.9,Successful
Maxim De Cuyper,Brighton,2,12,Pass,Pass,FirstHalf,70.6,91.5,68.4,79.8,Successful
Olivier Boscagli,Brighton,2,13,Pass,Pass,FirstHalf,68.4,79.8,69.1,82.6,Unsuccessful
Roméo Lavia,Chelsea,2,13,BlockedPass,BlockedPass,FirstHalf,30.9,17.4,0.0,0.0,Successful
Malo Gusto,Chelsea,2,15,BallTouch,BallTouch,FirstHalf,26.8,22.5,0.0,0.0,Successful
Roméo Lavia,Chelsea,2,16,Ball Recovery,BallRecovery,FirstHalf,30.2,29.2,0.0,0.0,Successful
Roméo Lavia,Chelsea,2,16,Pass,Pass,FirstHalf,27.8,26.6,33.2,13.3,Successful
Cole Palmer,Chelsea,2,17,Pass,Pass,FirstHalf,36.0,13.1,26.1,20.5,Successful
Wesley Fofana,Chelsea,2,18,Pass,Pass,FirstHalf,26.1,22.1,31.8,30.7,Successful
Roméo Lavia,Chelsea,2,19,Pass,Pass,FirstHalf,31.6,28.2,27.1,7.6,Successful
Wesley Fofana,Chelsea,2,28,Pass,Pass,FirstHalf,68.9,16.0,86.5,22.3,Successful
João Pedro,Chelsea,2,31,Pass,Pass,FirstHalf,90.3,17.6,89.7,7.8,Successful
Pedro Neto,Chelsea,2,35,Pass,Pass,FirstHalf,91.7,11.8,92.6,26.0,Successful
Morgan Rogers,Chelsea,2,36,Pass,Pass,FirstHalf,92.6,24.2,87.9,16.8,Successful
Pedro Neto,Chelsea,2,37,Pass,Pass,FirstHalf,87.9,16.8,87.1,24.4,Successful
João Pedro,Chelsea,2,38,Pass,Pass,FirstHalf,87.5,24.4,88.4,18.3,Successful
Morgan Rogers,Chelsea,2,40,Pass,Pass,FirstHalf,88.4,18.6,97.9,28.2,Successful
João Pedro,Chelsea,2,42,Pass,Pass,FirstHalf,98.1,28.9,97.9,32.0,Unsuccessful
Lewis Dunk,Brighton,2,42,BlockedPass,BlockedPass,FirstHalf,2.1,68.0,0.0,0.0,Successful
Wesley Fofana,Chelsea,2,50,BallTouch,BallTouch,FirstHalf,89.8,6.8,0.0,0.0,Successful
Pedro Neto,Chelsea,2,53,Pass,Pass,FirstHalf,89.7,4.7,90.6,11.9,Successful
Morgan Rogers,Chelsea,2,56,BallTouch,BallTouch,FirstHalf,95.5,14.1,0.0,0.0,Successful
Pedro Neto,Chelsea,2,58,Pass,Pass,FirstHalf,98.2,32.1,98.1,36.8,Unsuccessful
Lewis Dunk,Brighton,2,58,BlockedPass,BlockedPass,FirstHalf,1.9,63.2,0.0,0.0,Successful
Pedro Neto,Chelsea,2,59,CornerAwarded,CornerAwarded,FirstHalf,96.8,38.6,0.0,0.0,Successful
Lewis Dunk,Brighton,2,59,CornerAwarded,CornerAwarded,FirstHalf,3.2,61.4,0.0,0.0,Unsuccessful
Pedro Neto,Chelsea,3,34,Key Pass,Pass,FirstHalf,99.7,0.6,97.0,44.7,Successful
João Pedro,Chelsea,3,35,Aerial Won,Aerial,FirstHalf,97.0,44.7,0.0,0.0,Successful
Luka Vuskovic,Brighton,3,35,Aerial Lost,Aerial,FirstHalf,3.0,55.3,0.0,0.0,Unsuccessful
João Pedro,Chelsea,3,36,Shot on Target,SavedShot,FirstHalf,97.0,44.7,0.0,0.0,Successful
Mats Wieffer,Brighton,3,36,Save,Save,FirstHalf,0.5,49.3,0.0,0.0,Successful
Mats Wieffer,Brighton,3,36,Clearance,Clearance,FirstHalf,2.7,48.7,3.1,49.0,Successful
Bart Verbruggen,Brighton,3,36,BallTouch,BallTouch,FirstHalf,2.2,48.9,0.0,0.0,Successful
Bart Verbruggen,Brighton,3,36,Error,Error,FirstHalf,1.5,49.9,0.0,0.0,Successful
Roméo Lavia,Chelsea,3,39,Goal,Goal,FirstHalf,96.1,52.8,0.0,0.0,Successful
Malick Yalcouyé,Brighton,4,51,Pass,Pass,FirstHalf,49.9,50.3,39.9,53.6,Successful
Olivier Boscagli,Brighton,4,53,Pass,Pass,FirstHalf,39.0,55.9,38.6,78.4,Successful
Ferdi Kadioglu,Brighton,4,55,Pass,Pass,FirstHalf,38.2,79.2,29.5,68.0,Successful
Lewis Dunk,Brighton,4,59,Long Pass,Pass,FirstHalf,32.0,68.3,70.4,89.7,Successful
Maxim De Cuyper,Brighton,5,3,Pass,Pass,FirstHalf,69.1,77.5,68.9,76.1,Unsuccessful
Malo Gusto,Chelsea,5,3,BlockedPass,BlockedPass,FirstHalf,31.1,23.9,0.0,0.0,Successful
Pedro Neto,Chelsea,5,5,Ball Recovery,BallRecovery,FirstHalf,34.0,9.2,0.0,0.0,Successful
Pedro Neto,Chelsea,5,7,Pass,Pass,FirstHalf,24.1,15.0,23.2,24.1,Successful
Wesley Fofana,Chelsea,5,7,Pass,Pass,FirstHalf,23.2,24.1,29.8,28.0,Successful
Roméo Lavia,Chelsea,5,13,Pass,Pass,FirstHalf,65.7,22.1,77.9,7.1,Successful
Malo Gusto,Chelsea,5,16,Cross,Pass,FirstHalf,87.8,8.4,88.9,43.0,Unsuccessful
Lewis Dunk,Brighton,5,18,Clearance,Clearance,FirstHalf,11.2,56.1,24.5,25.6,Successful
Diego Gómez,Brighton,5,21,Ball Recovery,BallRecovery,FirstHalf,25.4,22.6,0.0,0.0,Successful
Diego Gómez,Brighton,5,21,Pass,Pass,FirstHalf,25.4,22.6,36.3,37.0,Successful
Pascal Groß,Brighton,5,29,Pass,Pass,FirstHalf,69.1,19.9,89.4,10.8,Successful
Diego Gómez,Brighton,5,31,Cross,Pass,FirstHalf,91.8,13.3,90.3,48.4,Unsuccessful
Maxence Lacroix,Chelsea,5,34,Ball Recovery,BallRecovery,FirstHalf,3.8,57.7,0.0,0.0,Successful
Maxence Lacroix,Chelsea,5,37,Long Pass,Pass,FirstHalf,2.0,69.7,29.8,100.0,Unsuccessful
Pascal Groß,Brighton,5,47,Throw In,Pass,FirstHalf,67.3,0.0,55.3,11.8,Successful
Luka Vuskovic,Brighton,5,48,Pass,Pass,FirstHalf,53.4,20.1,47.4,44.5,Successful
Lewis Dunk,Brighton,5,50,Pass,Pass,FirstHalf,46.6,44.8,46.0,26.2,Successful
Luka Vuskovic,Brighton,6,0,Pass,Pass,FirstHalf,52.7,29.7,56.1,14.7,Successful
Pascal Groß,Brighton,6,6,Pass,Pass,FirstHalf,53.4,37.3,46.1,69.4,Successful
Lewis Dunk,Brighton,6,8,Pass,Pass,FirstHalf,46.1,69.6,57.8,90.1,Successful
Ferdi Kadioglu,Brighton,6,10,Pass,Pass,FirstHalf,57.6,88.9,69.1,87.9,Successful
Malick Yalcouyé,Brighton,6,13,Pass,Pass,FirstHalf,75.2,88.9,79.1,96.3,Successful
Maxim De Cuyper,Brighton,6,15,Pass,Pass,FirstHalf,77.6,95.1,70.9,93.6,Successful
Malick Yalcouyé,Brighton,6,17,Pass,Pass,FirstHalf,70.3,93.4,56.4,84.1,Successful
Lewis Dunk,Brighton,6,20,Pass,Pass,FirstHalf,55.1,75.7,55.0,50.8,Successful
Luka Vuskovic,Brighton,6,24,Pass,Pass,FirstHalf,54.1,49.8,53.0,70.2,Successful
Lewis Dunk,Brighton,6,27,Pass,Pass,FirstHalf,52.7,69.9,58.7,67.5,Successful
Olivier Boscagli,Brighton,6,29,Pass,Pass,FirstHalf,59.2,69.6,63.6,90.7,Successful
Ferdi Kadioglu,Brighton,6,31,Pass,Pass,FirstHalf,64.9,90.9,75.3,96.3,Successful
Maxim De Cuyper,Brighton,6,32,Pass,Pass,FirstHalf,66.0,97.7,68.5,78.1,Successful
Olivier Boscagli,Brighton,6,34,Chipped Pass,Pass,FirstHalf,69.1,80.3,88.6,81.6,Successful
Malick Yalcouyé,Brighton,6,37,Pass,Pass,FirstHalf,95.8,75.6,95.4,71.5,Unsuccessful
Maxence Lacroix,Chelsea,6,37,BlockedPass,BlockedPass,FirstHalf,4.6,28.5,0.0,0.0,Successful
Maxence Lacroix,Chelsea,6,38,CornerAwarded,CornerAwarded,FirstHalf,6.1,26.9,0.0,0.0,Unsuccessful
Malick Yalcouyé,Brighton,6,38,CornerAwarded,CornerAwarded,FirstHalf,94.0,73.0,0.0,0.0,Successful
Pascal Groß,Brighton,8,19,Cross,Pass,FirstHalf,99.5,99.6,97.9,56.2,Unsuccessful
Emiliano Martínez,Chelsea,8,20,Aerial Won,Aerial,FirstHalf,2.1,43.8,0.0,0.0,Successful
Mats Wieffer,Brighton,8,20,Aerial Lost,Aerial,FirstHalf,97.9,56.2,0.0,0.0,Unsuccessful
Emiliano Martínez,Chelsea,8,21,Clearance,Clearance,FirstHalf,2.1,43.8,7.3,15.4,Successful
Pascal Groß,Brighton,8,24,Pass,Pass,FirstHalf,91.8,88.9,79.9,86.7,Successful
Ferdi Kadioglu,Brighton,8,26,Pass,Pass,FirstHalf,78.3,88.2,84.7,94.0,Successful
Pascal Groß,Brighton,8,28,Pass,Pass,FirstHalf,81.7,94.5,78.9,93.6,Unsuccessful
Jorrel Hato,Chelsea,8,28,BlockedPass,BlockedPass,FirstHalf,21.1,6.4,0.0,0.0,Successful
Jorrel Hato,Chelsea,8,31,Ball Recovery,BallRecovery,FirstHalf,24.4,3.2,0.0,0.0,Successful
Jorrel Hato,Chelsea,8,31,Pass,Pass,FirstHalf,31.9,3.3,35.9,16.8,Unsuccessful
Cole Palmer,Chelsea,8,32,Challenge,Challenge,FirstHalf,32.5,15.5,0.0,0.0,Unsuccessful
Malick Yalcouyé,Brighton,8,32,Successful Dribble,TakeOn,FirstHalf,67.5,84.5,0.0,0.0,Successful
Malick Yalcouyé,Brighton,8,33,Ball Recovery,BallRecovery,FirstHalf,74.0,89.4,0.0,0.0,Successful
Malick Yalcouyé,Brighton,8,33,Pass,Pass,FirstHalf,65.1,89.1,73.2,97.5,Successful
Ferdi Kadioglu,Brighton,8,37,Unsuccessful Dribble,TakeOn,FirstHalf,91.6,81.6,0.0,0.0,Unsuccessful
João Pedro,Chelsea,8,37,Successful Tackle,Tackle,FirstHalf,8.4,18.4,0.0,0.0,Successful
Ferdi Kadioglu,Brighton,8,39,CornerAwarded,CornerAwarded,FirstHalf,91.2,81.2,0.0,0.0,Successful
João Pedro,Chelsea,8,39,CornerAwarded,CornerAwarded,FirstHalf,8.8,18.8,0.0,0.0,Unsuccessful
Pascal Groß,Brighton,9,19,Cross,Pass,FirstHalf,99.4,99.8,100.0,27.2,Unsuccessful
Emiliano Martínez,Chelsea,9,49,Long Pass,Pass,FirstHalf,4.7,48.9,70.5,0.0,Unsuccessful
Ferdi Kadioglu,Brighton,10,8,Throw In,Pass,FirstHalf,29.4,100.0,30.8,93.0,Successful
Malick Yalcouyé,Brighton,10,9,Pass,Pass,FirstHalf,30.7,92.7,25.1,95.2,Successful
Ferdi Kadioglu,Brighton,10,11,Long Pass,Pass,FirstHalf,25.1,95.2,12.1,45.9,Successful
Mats Wieffer,Brighton,10,14,Pass,Pass,FirstHalf,12.0,45.6,4.3,50.5,Successful
Bart Verbruggen,Brighton,10,15,KeeperPickup,KeeperPickup,FirstHalf,4.4,50.5,0.0,0.0,Successful
Bart Verbruggen,Brighton,10,18,Pass,Pass,FirstHalf,7.1,50.3,15.2,32.7,Successful
Luka Vuskovic,Brighton,10,27,Pass,Pass,FirstHalf,25.8,41.3,30.3,28.6,Successful
Pascal Groß,Brighton,10,32,Pass,Pass,FirstHalf,33.9,37.2,31.4,62.7,Successful
Olivier Boscagli,Brighton,10,37,Pass,Pass,FirstHalf,33.5,71.1,27.2,81.3,Successful
Lewis Dunk,Brighton,10,40,Pass,Pass,FirstHalf,27.0,76.2,31.5,36.6,Successful
Luka Vuskovic,Brighton,10,45,Through Ball,Pass,FirstHalf,41.5,31.3,87.9,57.6,Unsuccessful
Emiliano Martínez,Chelsea,10,50,KeeperPickup,KeeperPickup,FirstHalf,13.0,45.2,0.0,0.0,Successful
Emiliano Martínez,Chelsea,11,2,Long Pass,Pass,FirstHalf,13.1,56.2,64.7,75.4,Successful
João Pedro,Chelsea,11,7,BallTouch,BallTouch,FirstHalf,62.3,74.7,0.0,0.0,Unsuccessful
Mats Wieffer,Brighton,11,8,Pass,Pass,FirstHalf,38.7,23.9,16.0,49.7,Successful
Bart Verbruggen,Brighton,11,10,Ball Recovery,BallRecovery,FirstHalf,15.9,49.3,0.0,0.0,Successful
Bart Verbruggen,Brighton,11,11,Pass,Pass,FirstHalf,15.9,49.3,26.3,58.6,Successful
Olivier Boscagli,Brighton,11,13,Pass,Pass,FirstHalf,27.0,59.4,35.9,47.4,Successful
Pascal Groß,Brighton,11,17,Pass,Pass,FirstHalf,35.7,60.0,33.1,68.2,Successful
Olivier Boscagli,Brighton,11,18,Pass,Pass,FirstHalf,32.7,70.9,38.2,95.1,Successful
Ferdi Kadioglu,Brighton,11,20,Pass,Pass,FirstHalf,38.7,93.1,46.4,97.5,Successful
Maxim De Cuyper,Brighton,11,22,Pass,Pass,FirstHalf,44.6,97.5,39.5,95.2,Successful
Ferdi Kadioglu,Brighton,11,24,Pass,Pass,FirstHalf,39.9,92.7,30.9,76.9,Successful
Lewis Dunk,Brighton,11,27,Pass,Pass,FirstHalf,30.9,70.5,32.0,33.1,Successful
Luka Vuskovic,Brighton,11,33,Pass,Pass,FirstHalf,48.5,24.1,54.9,6.7,Successful
Mats Wieffer,Brighton,11,35,Long Pass,Pass,FirstHalf,51.6,8.4,22.6,36.3,Successful
Bart Verbruggen,Brighton,11,38,Pass,Pass,FirstHalf,23.9,39.6,29.9,61.8,Successful
Lewis Dunk,Brighton,11,41,Long Pass,Pass,FirstHalf,30.3,60.9,79.7,96.6,Successful
Maxim De Cuyper,Brighton,11,46,Cross,Pass,FirstHalf,81.3,95.7,84.2,57.7,Unsuccessful
Levi Colwill,Chelsea,11,48,Clearance,Clearance,FirstHalf,14.2,42.4,10.4,0.0,Successful
Maxim De Cuyper,Brighton,11,53,Throw In,Pass,FirstHalf,88.1,100.0,74.0,96.4,Successful
Ferdi Kadioglu,Brighton,11,56,Pass,Pass,FirstHalf,74.0,94.9,87.1,96.1,Successful
Maxim De Cuyper,Brighton,11,58,Cross,Pass,FirstHalf,83.8,95.7,91.2,51.5,Unsuccessful
Jorrel Hato,Chelsea,12,1,Clearance,Clearance,FirstHalf,8.5,51.3,27.5,59.1,Successful
João Pedro,Chelsea,12,4,Pass,Pass,FirstHalf,28.3,58.9,26.8,49.7,Successful
Malo Gusto,Chelsea,12,5,Ball Recovery,BallRecovery,FirstHalf,33.1,56.7,0.0,0.0,Successful
Malo Gusto,Chelsea,12,8,Pass,Pass,FirstHalf,53.8,59.6,54.3,64.7,Unsuccessful
Luka Vuskovic,Brighton,12,8,BallTouch,BallTouch,FirstHalf,43.3,32.8,0.0,0.0,Successful
Pascal Groß,Brighton,12,13,Challenge,Challenge,FirstHalf,43.0,17.2,0.0,0.0,Unsuccessful
João Pedro,Chelsea,12,13,Successful Dribble,TakeOn,FirstHalf,57.0,82.8,0.0,0.0,Successful
João Pedro,Chelsea,12,14,Foul,Foul,FirstHalf,51.6,74.5,0.0,0.0,Successful
Diego Gómez,Brighton,12,14,Foul,Foul,FirstHalf,48.4,25.5,0.0,0.0,Unsuccessful
Levi Colwill,Chelsea,12,37,Pass,Pass,FirstHalf,52.4,70.3,46.7,59.9,Successful
Roméo Lavia,Chelsea,12,39,Pass,Pass,FirstHalf,45.2,55.6,46.2,42.1,Successful
Maxence Lacroix,Chelsea,12,44,Pass,Pass,FirstHalf,45.8,39.8,45.6,57.1,Successful
Roméo Lavia,Chelsea,12,46,Pass,Pass,FirstHalf,47.2,63.7,46.0,81.0,Successful
Levi Colwill,Chelsea,12,48,Chipped Pass,Pass,FirstHalf,45.4,89.9,49.0,91.1,Unsuccessful
Diego Gómez,Brighton,12,48,BlockedPass,BlockedPass,FirstHalf,51.0,8.9,0.0,0.0,Successful
Jorrel Hato,Chelsea,13,1,Throw In,Pass,FirstHalf,64.0,100.0,72.2,81.6,Successful
João Pedro,Chelsea,13,3,Pass,Pass,FirstHalf,71.4,81.2,77.5,85.7,Successful
Morgan Rogers,Chelsea,13,7,Assist,Pass,FirstHalf,95.0,68.1,93.3,51.0,Successful
Pedro Neto,Chelsea,13,9,Goal,Goal,FirstHalf,93.3,51.0,0.0,0.0,Successful
Charalampos Kostoulas,Brighton,14,17,Pass,Pass,FirstHalf,49.7,50.5,37.7,45.6,Successful
Pascal Groß,Brighton,14,23,Pass,Pass,FirstHalf,36.3,45.5,38.8,53.3,Successful
Olivier Boscagli,Brighton,14,24,Pass,Pass,FirstHalf,38.8,53.3,34.1,21.6,Successful
Mats Wieffer,Brighton,14,27,Pass,Pass,FirstHalf,30.8,24.4,23.1,39.7,Successful
Luka Vuskovic,Brighton,14,30,Pass,Pass,FirstHalf,22.0,39.0,21.3,68.5,Successful
Lewis Dunk,Brighton,14,31,Pass,Pass,FirstHalf,20.8,68.2,18.2,34.2,Successful
Luka Vuskovic,Brighton,14,35,Pass,Pass,FirstHalf,15.0,30.9,8.3,49.8,Successful
Bart Verbruggen,Brighton,14,37,Pass,Pass,FirstHalf,8.4,49.8,14.2,47.8,Successful
Lewis Dunk,Brighton,14,39,Pass,Pass,FirstHalf,14.2,47.8,11.4,15.6,Successful
Luka Vuskovic,Brighton,14,41,Pass,Pass,FirstHalf,12.0,15.6,18.7,4.9,Successful
Mats Wieffer,Brighton,14,43,Pass,Pass,FirstHalf,13.3,7.8,20.8,24.9,Successful
Lewis Dunk,Brighton,14,50,Foul,Foul,FirstHalf,26.4,10.6,0.0,0.0,Successful
Morgan Rogers,Chelsea,14,50,Foul,Foul,FirstHalf,73.6,89.4,0.0,0.0,Unsuccessful
Luka Vuskovic,Brighton,15,2,Pass,Pass,FirstHalf,27.3,22.1,27.3,33.8,Successful
Lewis Dunk,Brighton,15,3,Pass,Pass,FirstHalf,25.9,33.6,25.9,22.9,Successful
Luka Vuskovic,Brighton,15,4,Pass,Pass,FirstHalf,25.9,24.8,36.5,27.4,Successful
Pascal Groß,Brighton,15,8,Long Pass,Pass,FirstHalf,35.8,35.1,77.4,71.1,Unsuccessful
Wesley Fofana,Chelsea,15,13,Pass,Pass,FirstHalf,23.9,35.2,9.3,39.9,Successful
Emiliano Martínez,Chelsea,15,16,KeeperPickup,KeeperPickup,FirstHalf,8.5,40.6,0.0,0.0,Successful
Emiliano Martínez,Chelsea,15,25,Long Pass,Pass,FirstHalf,14.8,56.4,84.5,50.1,Unsuccessful
Bart Verbruggen,Brighton,15,29,Ball Recovery,BallRecovery,FirstHalf,13.3,49.2,0.0,0.0,Successful
Bart Verbruggen,Brighton,15,31,Pass,Pass,FirstHalf,14.1,52.6,25.2,64.2,Successful
Lewis Dunk,Brighton,15,34,Pass,Pass,FirstHalf,26.7,69.7,38.1,94.2,Successful
Ferdi Kadioglu,Brighton,15,38,Pass,Pass,FirstHalf,34.3,93.6,24.5,69.9,Successful
Lewis Dunk,Brighton,15,40,Pass,Pass,FirstHalf,23.6,68.7,12.2,48.1,Successful
Bart Verbruggen,Brighton,15,51,Long Pass,Pass,FirstHalf,15.3,45.4,67.8,78.4,Unsuccessful
Wesley Fofana,Chelsea,15,54,Clearance,Clearance,FirstHalf,33.5,14.8,42.2,0.0,Successful
Ferdi Kadioglu,Brighton,16,1,Throw In,Pass,FirstHalf,54.7,100.0,39.2,87.3,Successful
Lewis Dunk,Brighton,16,5,Pass,Pass,FirstHalf,38.0,72.2,36.3,48.1,Successful
Luka Vuskovic,Brighton,16,9,Pass,Pass,FirstHalf,34.8,32.1,52.6,9.6,Successful
Mats Wieffer,Brighton,16,11,Pass,Pass,FirstHalf,52.5,10.5,56.2,28.3,Successful
Pascal Groß,Brighton,16,12,Pass,Pass,FirstHalf,56.2,28.3,41.6,23.2,Successful
Luka Vuskovic,Brighton,16,14,Pass,Pass,FirstHalf,41.3,24.3,44.4,31.3,Successful
Olivier Boscagli,Brighton,16,17,Pass,Pass,FirstHalf,46.2,34.9,41.8,65.4,Successful
Lewis Dunk,Brighton,16,21,Pass,Pass,FirstHalf,41.9,65.4,41.9,33.4,Successful
Luka Vuskovic,Brighton,16,26,Long Pass,Pass,FirstHalf,56.4,24.1,96.6,32.1,Unsuccessful
Emiliano Martínez,Chelsea,16,31,KeeperPickup,KeeperPickup,FirstHalf,4.2,71.2,0.0,0.0,Successful
Emiliano Martínez,Chelsea,16,43,Pass,Pass,FirstHalf,10.1,56.0,19.4,27.8,Successful
Maxence Lacroix,Chelsea,16,46,Pass,Pass,FirstHalf,29.0,27.3,39.3,28.3,Successful
Cole Palmer,Chelsea,16,48,Pass,Pass,FirstHalf,37.6,28.4,36.0,53.4,Successful
Roméo Lavia,Chelsea,16,51,Foul,Foul,FirstHalf,38.2,52.4,0.0,0.0,Successful
Diego Gómez,Brighton,16,51,Foul,Foul,FirstHalf,61.7,47.6,0.0,0.0,Unsuccessful
Levi Colwill,Chelsea,16,59,Pass,Pass,FirstHalf,35.7,49.5,34.4,30.4,Successful
Maxence Lacroix,Chelsea,17,2,Pass,Pass,FirstHalf,35.7,30.6,43.5,10.6,Successful
Wesley Fofana,Chelsea,17,4,Pass,Pass,FirstHalf,43.5,9.5,58.8,2.9,Successful
Pedro Neto,Chelsea,17,6,Pass,Pass,FirstHalf,58.8,2.9,57.9,13.0,Successful
Cole Palmer,Chelsea,17,7,Pass,Pass,FirstHalf,57.9,13.0,42.6,7.4,Successful
Wesley Fofana,Chelsea,17,8,Pass,Pass,FirstHalf,41.9,7.2,32.5,29.1,Successful
Maxence Lacroix,Chelsea,17,11,Pass,Pass,FirstHalf,32.2,29.1,27.6,46.7,Successful
Levi Colwill,Chelsea,17,13,Pass,Pass,FirstHalf,28.3,44.8,50.1,35.9,Unsuccessful
Olivier Boscagli,Brighton,17,17,Long Pass,Pass,FirstHalf,48.9,65.0,68.1,44.8,Successful
Diego Gómez,Brighton,17,18,Pass,Pass,FirstHalf,68.8,44.2,70.8,60.7,Successful
Charalampos Kostoulas,Brighton,17,19,Ball Recovery,BallRecovery,FirstHalf,71.7,61.5,0.0,0.0,Successful
Charalampos Kostoulas,Brighton,17,19,Pass,Pass,FirstHalf,71.9,60.7,81.2,66.0,Unsuccessful
Wesley Fofana,Chelsea,17,21,Interception,Interception,FirstHalf,18.8,34.0,0.0,0.0,Successful
Roméo Lavia,Chelsea,17,22,Ball Recovery,BallRecovery,FirstHalf,20.7,48.2,0.0,0.0,Successful
Roméo Lavia,Chelsea,17,22,Pass,Pass,FirstHalf,20.7,48.2,14.3,50.5,Successful
Levi Colwill,Chelsea,17,24,Chipped Pass,Pass,FirstHalf,14.3,50.5,32.5,53.3,Unsuccessful
Mats Wieffer,Brighton,17,26,Pass,Pass,FirstHalf,63.1,44.6,66.7,59.1,Successful
Olivier Boscagli,Brighton,17,28,Long Pass,Pass,FirstHalf,66.8,59.7,73.5,44.8,Successful
Charalampos Kostoulas,Brighton,17,29,Aerial Won,Aerial,FirstHalf,73.5,44.8,0.0,0.0,Successful
Roméo Lavia,Chelsea,17,29,Aerial Lost,Aerial,FirstHalf,26.5,55.2,0.0,0.0,Unsuccessful
Charalampos Kostoulas,Brighton,17,30,Pass,Pass,FirstHalf,73.5,44.8,87.9,46.6,Unsuccessful
Emiliano Martínez,Chelsea,17,32,KeeperPickup,KeeperPickup,FirstHalf,12.3,54.9,0.0,0.0,Successful
Emiliano Martínez,Chelsea,17,35,Long Pass,Pass,FirstHalf,15.5,53.6,59.5,26.0,Unsuccessful
Ferdi Kadioglu,Brighton,17,39,Long Pass,Pass,FirstHalf,40.2,75.0,47.6,78.1,Successful
Olivier Boscagli,Brighton,17,39,Pass,Pass,FirstHalf,47.3,80.3,55.1,83.2,Successful
Maxim De Cuyper,Brighton,17,41,Ball Recovery,BallRecovery,FirstHalf,51.1,86.5,0.0,0.0,Successful
Maxim De Cuyper,Brighton,17,41,Pass,Pass,FirstHalf,51.1,86.5,61.7,81.9,Successful
Charalampos Kostoulas,Brighton,17,44,Loss of Possession,Dispossessed,FirstHalf,59.8,79.6,0.0,0.0,Successful
Maxence Lacroix,Chelsea,17,44,Successful Tackle,Tackle,FirstHalf,40.2,20.4,0.0,0.0,Successful
Cole Palmer,Chelsea,17,45,Loss of Possession,Dispossessed,FirstHalf,41.2,22.2,0.0,0.0,Successful
Malick Yalcouyé,Brighton,17,45,Was Dribbled,Tackle,FirstHalf,58.8,77.8,0.0,0.0,Unsuccessful
Maxence Lacroix,Chelsea,17,47,Pass,Pass,FirstHalf,36.9,25.8,39.0,26.6,Unsuccessful
Charalampos Kostoulas,Brighton,17,47,BallTouch,BallTouch,FirstHalf,59.8,76.7,0.0,0.0,Successful
João Pedro,Chelsea,17,48,Ball Recovery,BallRecovery,FirstHalf,45.9,31.8,0.0,0.0,Successful
João Pedro,Chelsea,17,50,Pass,Pass,FirstHalf,43.2,29.9,37.7,18.0,Successful
Wesley Fofana,Chelsea,17,51,Pass,Pass,FirstHalf,40.5,18.6,55.1,19.5,Successful
Cole Palmer,Chelsea,17,54,Loss of Possession,Dispossessed,FirstHalf,62.5,18.8,0.0,0.0,Successful
Malick Yalcouyé,Brighton,17,54,Successful Tackle,Tackle,FirstHalf,37.5,81.2,0.0,0.0,Successful
Ferdi Kadioglu,Brighton,17,58,Pass,Pass,FirstHalf,14.8,85.5,5.4,55.5,Successful
Bart Verbruggen,Brighton,17,59,Ball Recovery,BallRecovery,FirstHalf,5.4,53.5,0.0,0.0,Successful
Bart Verbruggen,Brighton,18,1,Long Pass,Pass,FirstHalf,5.1,50.1,71.7,39.3,Unsuccessful
Maxence Lacroix,Chelsea,18,9,Clearance,Clearance,FirstHalf,26.2,72.1,28.8,74.1,Successful
Diego Gómez,Brighton,18,9,BlockedPass,BlockedPass,FirstHalf,71.8,28.0,0.0,0.0,Successful
Emiliano Martínez,Chelsea,18,40,Long Pass,Pass,FirstHalf,5.3,50.9,66.9,60.8,Successful
João Pedro,Chelsea,18,44,Aerial Won,Aerial,FirstHalf,66.9,60.8,0.0,0.0,Successful
Luka Vuskovic,Brighton,18,44,Aerial Lost,Aerial,FirstHalf,33.1,39.2,0.0,0.0,Unsuccessful
João Pedro,Chelsea,18,45,Pass,Pass,FirstHalf,66.9,60.8,71.2,64.6,Unsuccessful
Mats Wieffer,Brighton,18,46,Pass,Pass,FirstHalf,30.6,36.8,14.4,50.3,Successful
Bart Verbruggen,Brighton,18,48,KeeperSweeper,KeeperSweeper,FirstHalf,14.4,49.7,0.0,0.0,Successful
Bart Verbruggen,Brighton,18,48,Long Pass,Pass,FirstHalf,15.1,50.9,56.0,83.4,Unsuccessful
Wesley Fofana,Chelsea,18,50,Clearance,Clearance,FirstHalf,44.2,19.2,52.4,0.0,Successful
Ferdi Kadioglu,Brighton,18,59,Throw In,Pass,FirstHalf,47.5,100.0,43.3,94.9,Successful
Malick Yalcouyé,Brighton,19,0,Pass,Pass,FirstHalf,42.9,95.3,30.9,88.9,Successful
Lewis Dunk,Brighton,19,1,Pass,Pass,FirstHalf,31.5,86.7,40.2,93.4,Successful
Malick Yalcouyé,Brighton,19,4,Pass,Pass,FirstHalf,39.1,91.8,33.0,86.1,Successful
Lewis Dunk,Brighton,19,9,Pass,Pass,FirstHalf,33.6,73.6,34.4,31.9,Successful
Luka Vuskovic,Brighton,19,10,Pass,Pass,FirstHalf,35.5,30.7,55.3,13.3,Successful
Mats Wieffer,Brighton,19,14,Pass,Pass,FirstHalf,54.8,16.0,54.8,26.5,Successful
Pascal Groß,Brighton,19,15,Pass,Pass,FirstHalf,54.8,26.5,35.6,25.3,Successful
Luka Vuskovic,Brighton,19,20,Pass,Pass,FirstHalf,35.8,26.4,42.1,25.0,Successful
Pascal Groß,Brighton,19,22,Pass,Pass,FirstHalf,42.5,31.9,34.4,68.8,Successful
Lewis Dunk,Brighton,19,27,Pass,Pass,FirstHalf,31.8,53.1,37.5,10.8,Successful
Diego Gómez,Brighton,19,29,Pass,Pass,FirstHalf,37.7,10.2,58.1,5.4,Successful
Pascal Groß,Brighton,19,30,Pass,Pass,FirstHalf,58.3,5.1,74.8,0.0,Unsuccessful
Jorrel Hato,Chelsea,19,39,Throw In,Pass,FirstHalf,40.5,100.0,48.0,74.6,Successful
João Pedro,Chelsea,19,41,Unsuccessful Dribble,TakeOn,FirstHalf,45.8,82.4,0.0,0.0,Unsuccessful
Pascal Groß,Brighton,19,41,Successful Tackle,Tackle,FirstHalf,54.2,17.6,0.0,0.0,Successful
Lewis Dunk,Brighton,19,43,Ball Recovery,BallRecovery,FirstHalf,38.2,40.1,0.0,0.0,Successful
Lewis Dunk,Brighton,19,46,Pass,Pass,FirstHalf,34.2,54.8,42.7,50.9,Successful
Olivier Boscagli,Brighton,19,50,Pass,Pass,FirstHalf,44.4,56.1,40.1,83.7,Successful
Ferdi Kadioglu,Brighton,19,52,Pass,Pass,FirstHalf,42.3,75.4,35.9,63.0,Successful
Lewis Dunk,Brighton,19,53,Pass,Pass,FirstHalf,39.7,60.1,57.3,60.5,Successful
Olivier Boscagli,Brighton,19,55,Pass,Pass,FirstHalf,56.3,61.5,59.3,59.3,Successful
Charalampos Kostoulas,Brighton,19,56,BallTouch,BallTouch,FirstHalf,61.0,56.6,0.0,0.0,Successful
Malick Yalcouyé,Brighton,19,59,Pass,Pass,FirstHalf,65.4,83.2,77.4,74.2,Unsuccessful
Malo Gusto,Chelsea,20,1,Interception,Interception,FirstHalf,22.6,25.8,0.0,0.0,Successful
Malo Gusto,Chelsea,20,5,Long Pass,Pass,FirstHalf,22.2,26.4,25.8,28.2,Unsuccessful
Malick Yalcouyé,Brighton,20,5,BallTouch,BallTouch,FirstHalf,74.5,73.2,0.0,0.0,Successful
Cole Palmer,Chelsea,20,7,Ball Recovery,BallRecovery,FirstHalf,29.0,14.2,0.0,0.0,Successful
Cole Palmer,Chelsea,20,8,Pass,Pass,FirstHalf,31.2,17.4,57.8,15.6,Unsuccessful
Ferdi Kadioglu,Brighton,20,10,Ball Recovery,BallRecovery,FirstHalf,39.1,88.9,0.0,0.0,Successful
Ferdi Kadioglu,Brighton,20,10,Pass,Pass,FirstHalf,40.2,86.7,19.1,53.6,Successful
Bart Verbruggen,Brighton,20,14,Pass,Pass,FirstHalf,21.3,45.7,26.7,42.7,Successful
Luka Vuskovic,Brighton,20,17,Pass,Pass,FirstHalf,29.0,49.0,33.0,73.0,Successful
Lewis Dunk,Brighton,20,19,Pass,Pass,FirstHalf,33.0,73.0,40.4,90.4,Successful
Ferdi Kadioglu,Brighton,20,22,Pass,Pass,FirstHalf,40.1,83.7,37.4,38.8,Successful
Luka Vuskovic,Brighton,20,27,Pass,Pass,FirstHalf,45.3,30.3,45.7,44.1,Successful
Olivier Boscagli,Brighton,20,30,Long Pass,Pass,FirstHalf,45.6,49.1,76.5,97.1,Successful
Maxim De Cuyper,Brighton,20,33,Cross,Pass,FirstHalf,78.8,95.3,82.3,87.9,Unsuccessful
Wesley Fofana,Chelsea,20,33,Clearance,Clearance,FirstHalf,17.7,12.1,0.0,0.0,Successful
Wesley Fofana,Chelsea,20,35,CornerAwarded,CornerAwarded,FirstHalf,16.8,10.2,0.0,0.0,Unsuccessful
Maxim De Cuyper,Brighton,20,35,CornerAwarded,CornerAwarded,FirstHalf,83.2,89.8,0.0,0.0,Successful
Pascal Groß,Brighton,21,12,Cross,Pass,FirstHalf,99.5,99.5,96.0,50.8,Unsuccessful
Emiliano Martínez,Chelsea,21,15,Claim,Claim,FirstHalf,4.0,49.2,0.0,0.0,Successful
Emiliano Martínez,Chelsea,21,22,Pass,Pass,FirstHalf,14.8,49.3,18.8,70.7,Successful
Jorrel Hato,Chelsea,21,24,Pass,Pass,FirstHalf,17.9,70.0,26.5,64.5,Successful
Roméo Lavia,Chelsea,21,27,Pass,Pass,FirstHalf,28.7,62.2,37.6,23.9,Successful
Cole Palmer,Chelsea,21,38,Pass,Pass,FirstHalf,41.7,26.2,37.7,36.7,Successful
Maxence Lacroix,Chelsea,21,40,Pass,Pass,FirstHalf,36.6,37.7,35.0,56.5,Successful
Roméo Lavia,Chelsea,21,42,Pass,Pass,FirstHalf,35.2,57.9,38.7,78.0,Successful
Levi Colwill,Chelsea,21,44,Pass,Pass,FirstHalf,38.7,78.8,46.1,95.9,Successful
Jorrel Hato,Chelsea,21,47,Pass,Pass,FirstHalf,46.5,94.6,33.1,79.9,Successful
Levi Colwill,Chelsea,21,49,Pass,Pass,FirstHalf,33.1,79.9,28.9,57.0,Successful
Roméo Lavia,Chelsea,21,51,Pass,Pass,FirstHalf,28.7,56.1,30.0,32.1,Successful
Maxence Lacroix,Chelsea,21,57,Pass,Pass,FirstHalf,21.4,36.0,8.4,47.2,Successful
Emiliano Martínez,Chelsea,22,0,Long Pass,Pass,FirstHalf,8.7,52.0,44.3,82.6,Unsuccessful
Mats Wieffer,Brighton,22,4,Pass,Pass,FirstHalf,52.7,19.2,65.9,11.4,Successful
Diego Gómez,Brighton,22,5,Pass,Pass,FirstHalf,66.4,12.1,60.4,31.0,Successful
Charalampos Kostoulas,Brighton,22,6,Ball Recovery,BallRecovery,FirstHalf,58.5,33.9,0.0,0.0,Successful
Charalampos Kostoulas,Brighton,22,10,Long Pass,Pass,FirstHalf,57.6,32.9,39.0,81.4,Successful
Ferdi Kadioglu,Brighton,22,15,Pass,Pass,FirstHalf,39.9,82.2,45.7,65.0,Successful
Olivier Boscagli,Brighton,22,18,Pass,Pass,FirstHalf,48.3,61.2,48.2,35.7,Successful
Luka Vuskovic,Brighton,22,20,Pass,Pass,FirstHalf,48.5,33.0,52.9,37.6,Successful
Pascal Groß,Brighton,22,21,Pass,Pass,FirstHalf,52.9,37.6,45.5,27.7,Successful
Luka Vuskovic,Brighton,22,26,Pass,Pass,FirstHalf,56.0,22.8,73.4,7.9,Successful
Mats Wieffer,Brighton,22,29,Pass,Pass,FirstHalf,73.6,8.4,56.4,28.2,Successful
Pascal Groß,Brighton,22,41,Pass,Pass,FirstHalf,60.2,29.8,47.5,54.7,Successful
Lewis Dunk,Brighton,22,46,Pass,Pass,FirstHalf,53.3,57.6,57.1,32.4,Successful
Luka Vuskovic,Brighton,22,51,Pass,Pass,FirstHalf,65.8,22.3,75.6,4.6,Successful
Diego Gómez,Brighton,22,53,Pass,Pass,FirstHalf,75.3,4.6,61.4,5.8,Successful
Pascal Groß,Brighton,22,59,Pass,Pass,FirstHalf,63.2,36.3,52.4,46.6,Successful
Lewis Dunk,Brighton,23,0,Pass,Pass,FirstHalf,54.0,43.8,67.4,15.1,Successful
Diego Gómez,Brighton,23,3,Pass,Pass,FirstHalf,67.4,15.1,54.8,29.1,Successful
Luka Vuskovic,Brighton,23,8,Long Pass,Pass,FirstHalf,52.7,35.2,81.7,11.5,Successful
Mats Wieffer,Brighton,23,11,Pass,Pass,FirstHalf,82.2,13.2,80.0,50.8,Successful
Charalampos Kostoulas,Brighton,23,13,Key Pass,Pass,FirstHalf,80.0,50.8,85.0,71.1,Successful
Maxim De Cuyper,Brighton,23,17,Shot on Target,SavedShot,FirstHalf,88.1,73.0,0.0,0.0,Successful
Wesley Fofana,Chelsea,23,17,Save,Save,FirstHalf,10.2,32.7,0.0,0.0,Successful
Ferdi Kadioglu,Brighton,23,23,Pass,Pass,FirstHalf,53.1,94.2,52.0,74.5,Successful
Lewis Dunk,Brighton,23,25,Pass,Pass,FirstHalf,55.1,74.1,63.6,78.4,Successful
Malick Yalcouyé,Brighton,23,30,Successful Dribble,TakeOn,FirstHalf,67.8,82.2,0.0,0.0,Successful
Pedro Neto,Chelsea,23,30,Challenge,Challenge,FirstHalf,32.2,17.8,0.0,0.0,Unsuccessful
Malick Yalcouyé,Brighton,23,31,Pass,Pass,FirstHalf,68.0,78.9,73.9,72.8,Successful
Charalampos Kostoulas,Brighton,23,32,Pass,Pass,FirstHalf,74.8,73.6,67.1,70.1,Successful
Olivier Boscagli,Brighton,23,33,Pass,Pass,FirstHalf,67.4,71.8,80.9,70.9,Unsuccessful
Maxence Lacroix,Chelsea,23,34,BallTouch,BallTouch,FirstHalf,19.9,30.1,0.0,0.0,Successful
Roméo Lavia,Chelsea,23,35,Ball Recovery,BallRecovery,FirstHalf,23.3,35.9,0.0,0.0,Successful
Roméo Lavia,Chelsea,23,35,Pass,Pass,FirstHalf,23.4,36.0,33.0,35.8,Successful
Lewis Dunk,Brighton,23,37,Challenge,Challenge,FirstHalf,64.8,65.9,0.0,0.0,Unsuccessful
João Pedro,Chelsea,23,37,Successful Dribble,TakeOn,FirstHalf,35.2,34.1,0.0,0.0,Successful
Olivier Boscagli,Brighton,23,38,Challenge,Challenge,FirstHalf,62.1,73.9,0.0,0.0,Unsuccessful
João Pedro,Chelsea,23,38,Successful Dribble,TakeOn,FirstHalf,37.9,26.1,0.0,0.0,Successful
João Pedro,Chelsea,23,43,Pass,Pass,FirstHalf,70.4,23.5,74.4,2.9,Successful
Pedro Neto,Chelsea,23,49,Pass,Pass,FirstHalf,72.1,7.6,68.5,12.9,Successful
Malo Gusto,Chelsea,23,51,Pass,Pass,FirstHalf,68.0,12.7,61.5,11.3,Successful
Wesley Fofana,Chelsea,23,52,Pass,Pass,FirstHalf,62.2,12.1,61.9,41.1,Successful
Roméo Lavia,Chelsea,23,55,Pass,Pass,FirstHalf,61.8,44.8,66.5,49.4,Successful
Cole Palmer,Chelsea,23,56,Pass,Pass,FirstHalf,65.9,48.9,54.0,39.7,Successful
Maxence Lacroix,Chelsea,23,58,Pass,Pass,FirstHalf,54.6,35.9,58.1,18.3,Successful
Wesley Fofana,Chelsea,24,1,Pass,Pass,FirstHalf,58.1,18.3,47.7,41.4,Successful
Maxence Lacroix,Chelsea,24,4,Pass,Pass,FirstHalf,47.0,56.8,46.2,82.6,Successful
Levi Colwill,Chelsea,24,5,Pass,Pass,FirstHalf,46.2,83.4,60.1,96.5,Successful
Jorrel Hato,Chelsea,24,9,Pass,Pass,FirstHalf,58.6,93.8,40.4,86.5,Successful
Levi Colwill,Chelsea,24,11,Pass,Pass,FirstHalf,40.4,86.5,31.7,51.4,Successful
Maxence Lacroix,Chelsea,24,16,Pass,Pass,FirstHalf,34.6,30.3,35.8,4.3,Successful
Wesley Fofana,Chelsea,24,19,Long Pass,Pass,FirstHalf,35.8,2.3,98.0,17.0,Successful
Pedro Neto,Chelsea,24,27,Key Pass,Pass,FirstHalf,92.2,30.7,90.5,43.4,Successful
João Pedro,Chelsea,24,30,Shot off Target,MissedShots,FirstHalf,90.5,47.0,0.0,0.0,Successful
Bart Verbruggen,Brighton,25,8,Long Pass,Pass,FirstHalf,4.1,48.5,56.7,13.5,Unsuccessful
Levi Colwill,Chelsea,25,11,Aerial Won,Aerial,FirstHalf,43.3,86.5,0.0,0.0,Successful
Diego Gómez,Brighton,25,11,Aerial Lost,Aerial,FirstHalf,56.7,13.5,0.0,0.0,Unsuccessful
Levi Colwill,Chelsea,25,12,Pass,Pass,FirstHalf,43.3,86.5,57.6,80.4,Successful
Morgan Rogers,Chelsea,25,15,Ball Recovery,BallRecovery,FirstHalf,57.5,83.0,0.0,0.0,Successful
Morgan Rogers,Chelsea,25,17,Foul,Foul,FirstHalf,55.8,79.8,0.0,0.0,Successful
Olivier Boscagli,Brighton,25,17,Foul,Foul,FirstHalf,44.2,20.1,0.0,0.0,Unsuccessful
Morgan Rogers,Chelsea,25,27,Pass,Pass,FirstHalf,51.6,77.5,44.0,68.3,Successful
Roméo Lavia,Chelsea,25,33,Pass,Pass,FirstHalf,39.8,62.1,41.2,37.1,Successful
Maxence Lacroix,Chelsea,25,34,Pass,Pass,FirstHalf,41.2,37.1,36.4,57.4,Successful
Roméo Lavia,Chelsea,25,37,Pass,Pass,FirstHalf,36.4,59.4,38.3,85.0,Successful
Levi Colwill,Chelsea,25,40,Long Pass,Pass,FirstHalf,40.5,86.8,97.5,69.7,Unsuccessful
Bart Verbruggen,Brighton,25,45,Ball Recovery,BallRecovery,FirstHalf,4.7,30.4,0.0,0.0,Successful
Bart Verbruggen,Brighton,25,47,Pass,Pass,FirstHalf,4.2,29.8,21.7,20.8,Successful
Luka Vuskovic,Brighton,25,49,Pass,Pass,FirstHalf,21.8,20.7,7.4,45.6,Successful
Bart Verbruggen,Brighton,25,51,Pass,Pass,FirstHalf,7.6,45.3,14.8,58.0,Successful
Lewis Dunk,Brighton,25,54,Pass,Pass,FirstHalf,15.5,55.9,11.8,41.5,Successful
Bart Verbruggen,Brighton,26,13,Long Pass,Pass,FirstHalf,15.2,41.8,64.9,10.9,Successful
Diego Gómez,Brighton,26,15,Aerial Won,Aerial,FirstHalf,64.9,10.9,0.0,0.0,Successful
Levi Colwill,Chelsea,26,15,Aerial Lost,Aerial,FirstHalf,35.1,89.1,0.0,0.0,Unsuccessful
Diego Gómez,Brighton,26,15,Pass,Pass,FirstHalf,64.9,10.9,73.5,20.5,Unsuccessful
Roméo Lavia,Chelsea,26,18,Clearance,Clearance,FirstHalf,24.5,80.3,32.6,75.2,Successful
Diego Gómez,Brighton,26,19,BallTouch,BallTouch,FirstHalf,68.0,25.8,0.0,0.0,Successful
Luka Vuskovic,Brighton,26,23,Long Pass,Pass,FirstHalf,47.6,18.0,11.5,32.3,Successful
Bart Verbruggen,Brighton,26,29,Pass,Pass,FirstHalf,11.7,51.0,22.9,58.0,Successful
Lewis Dunk,Brighton,26,34,Pass,Pass,FirstHalf,29.2,59.9,31.6,42.5,Successful
Pascal Groß,Brighton,26,38,Pass,Pass,FirstHalf,30.4,44.1,37.2,23.8,Successful
Luka Vuskovic,Brighton,26,41,Pass,Pass,FirstHalf,44.8,31.0,52.6,50.5,Successful
Olivier Boscagli,Brighton,26,43,Pass,Pass,FirstHalf,51.9,53.4,39.5,70.2,Successful
Lewis Dunk,Brighton,26,46,Pass,Pass,FirstHalf,39.9,70.0,44.3,91.3,Successful
Ferdi Kadioglu,Brighton,26,49,Pass,Pass,FirstHalf,44.9,87.3,56.9,96.6,Successful
Maxim De Cuyper,Brighton,26,50,Pass,Pass,FirstHalf,53.2,97.0,42.4,93.3,Successful
Ferdi Kadioglu,Brighton,26,53,Pass,Pass,FirstHalf,42.4,90.9,38.2,72.0,Successful
Lewis Dunk,Brighton,26,57,Pass,Pass,FirstHalf,38.2,67.3,42.6,35.7,Successful
Luka Vuskovic,Brighton,26,59,Pass,Pass,FirstHalf,44.0,31.5,62.3,7.5,Successful
Mats Wieffer,Brighton,27,1,Pass,Pass,FirstHalf,63.4,7.5,68.1,14.8,Successful
Diego Gómez,Brighton,27,2,Pass,Pass,FirstHalf,67.0,16.8,48.0,19.6,Successful
Luka Vuskovic,Brighton,27,6,Pass,Pass,FirstHalf,54.7,21.6,59.7,24.9,Successful
Olivier Boscagli,Brighton,27,8,Pass,Pass,FirstHalf,59.6,27.4,65.2,43.6,Successful
Malick Yalcouyé,Brighton,27,10,Pass,Pass,FirstHalf,65.2,43.8,70.6,28.6,Unsuccessful
Levi Colwill,Chelsea,27,14,Interception,Interception,FirstHalf,29.4,71.4,0.0,0.0,Successful
Luka Vuskovic,Brighton,27,16,Pass,Pass,FirstHalf,54.3,18.9,47.9,44.1,Successful
Pascal Groß,Brighton,27,18,Pass,Pass,FirstHalf,47.9,44.1,53.1,68.1,Successful
Lewis Dunk,Brighton,27,24,Pass,Pass,FirstHalf,52.6,58.5,54.1,30.4,Successful
Luka Vuskovic,Brighton,27,26,Through Ball,Pass,FirstHalf,58.2,25.0,97.8,60.3,Unsuccessful
Emiliano Martínez,Chelsea,27,31,KeeperPickup,KeeperPickup,FirstHalf,1.6,41.4,0.0,0.0,Successful
Emiliano Martínez,Chelsea,27,49,Long Pass,Pass,FirstHalf,15.4,48.5,68.2,19.5,Unsuccessful
Ferdi Kadioglu,Brighton,27,54,BallTouch,BallTouch,FirstHalf,30.8,81.0,0.0,0.0,Successful
Olivier Boscagli,Brighton,27,54,Pass,Pass,FirstHalf,33.9,75.4,38.5,86.3,Successful
Maxim De Cuyper,Brighton,27,55,Ball Recovery,BallRecovery,FirstHalf,41.8,87.6,0.0,0.0,Successful
Maxim De Cuyper,Brighton,27,56,Pass,Pass,FirstHalf,42.4,77.5,37.5,66.4,Successful
Lewis Dunk,Brighton,27,57,Pass,Pass,FirstHalf,35.8,66.2,37.0,75.4,Successful
Olivier Boscagli,Brighton,27,58,Long Pass,Pass,FirstHalf,37.7,70.9,52.6,17.2,Successful
Mats Wieffer,Brighton,28,3,Pass,Pass,FirstHalf,62.8,15.6,66.3,4.8,Successful
Diego Gómez,Brighton,28,4,Pass,Pass,FirstHalf,66.0,5.2,52.1,28.3,Successful
Pascal Groß,Brighton,28,8,Pass,Pass,FirstHalf,49.4,33.9,47.2,65.2,Successful
Lewis Dunk,Brighton,28,12,Pass,Pass,FirstHalf,48.0,60.1,47.3,41.1,Successful
Luka Vuskovic,Brighton,28,15,Pass,Pass,FirstHalf,46.0,35.7,25.1,55.2,Successful
Bart Verbruggen,Brighton,28,17,Pass,Pass,FirstHalf,25.4,56.1,45.3,90.7,Successful
Ferdi Kadioglu,Brighton,28,20,Long Pass,Pass,FirstHalf,45.1,90.7,21.4,59.7,Successful
Bart Verbruggen,Brighton,28,30,Pass,Pass,FirstHalf,23.9,54.9,32.9,95.8,Successful
Ferdi Kadioglu,Brighton,28,32,Pass,Pass,FirstHalf,35.0,93.3,43.9,76.8,Successful
Olivier Boscagli,Brighton,28,35,Pass,Pass,FirstHalf,41.7,79.5,36.8,79.8,Successful
Ferdi Kadioglu,Brighton,28,37,Pass,Pass,FirstHalf,37.6,84.7,40.5,96.6,Successful
Maxim De Cuyper,Brighton,28,42,Long Pass,Pass,FirstHalf,36.9,90.3,66.8,13.5,Successful
Diego Gómez,Brighton,28,49,Key Pass,Pass,FirstHalf,71.7,22.7,92.4,51.9,Successful
Malick Yalcouyé,Brighton,28,51,Shot on Target,SavedShot,FirstHalf,92.4,51.9,0.0,0.0,Successful
Emiliano Martínez,Chelsea,28,51,Save,Save,FirstHalf,2.0,49.1,0.0,0.0,Successful
Emiliano Martínez,Chelsea,28,53,KeeperPickup,KeeperPickup,FirstHalf,2.0,49.1,0.0,0.0,Successful
Emiliano Martínez,Chelsea,29,5,Pass,Pass,FirstHalf,9.7,56.0,22.1,96.5,Unsuccessful
Jorrel Hato,Chelsea,29,7,Pass,Pass,FirstHalf,23.5,92.2,46.2,93.4,Unsuccessful
Lewis Dunk,Brighton,29,12,Foul,Foul,FirstHalf,53.9,7.2,0.0,0.0,Successful
João Pedro,Chelsea,29,12,Foul,Foul,FirstHalf,46.1,92.8,0.0,0.0,Unsuccessful
Pascal Groß,Brighton,29,16,Pass,Pass,FirstHalf,56.7,22.9,48.1,32.5,Successful
Luka Vuskovic,Brighton,29,17,Pass,Pass,FirstHalf,47.2,32.9,48.1,39.3,Successful
Olivier Boscagli,Brighton,29,19,Pass,Pass,FirstHalf,51.4,34.0,56.2,13.6,Successful
Mats Wieffer,Brighton,29,22,Pass,Pass,FirstHalf,56.1,17.2,60.5,32.3,Successful
Olivier Boscagli,Brighton,29,24,Pass,Pass,FirstHalf,61.8,31.5,54.6,25.0,Successful
Pascal Groß,Brighton,29,31,Pass,Pass,FirstHalf,55.5,31.8,47.0,54.1,Successful
Luka Vuskovic,Brighton,29,32,Pass,Pass,FirstHalf,52.7,54.2,59.8,40.3,Successful
Olivier Boscagli,Brighton,29,34,Pass,Pass,FirstHalf,60.5,42.5,52.6,41.1,Successful
Lewis Dunk,Brighton,29,37,Pass,Pass,FirstHalf,53.9,42.6,51.5,56.5,Successful
Luka Vuskovic,Brighton,29,40,Pass,Pass,FirstHalf,51.1,56.4,52.9,35.4,Successful
Lewis Dunk,Brighton,29,42,BallTouch,BallTouch,FirstHalf,53.2,34.9,0.0,0.0,Successful
Olivier Boscagli,Brighton,29,43,Pass,Pass,FirstHalf,55.3,36.1,71.6,7.2,Successful
Diego Gómez,Brighton,29,49,Pass,Pass,FirstHalf,77.0,14.2,86.5,6.6,Successful
Mats Wieffer,Brighton,29,51,Pass,Pass,FirstHalf,86.5,6.6,71.1,12.0,Successful
Lewis Dunk,Brighton,29,53,Cross,Pass,FirstHalf,68.4,16.0,85.3,46.2,Unsuccessful
Levi Colwill,Chelsea,29,55,Clearance,Clearance,FirstHalf,14.0,55.4,37.9,44.6,Successful
Luka Vuskovic,Brighton,30,1,Pass,Pass,FirstHalf,61.7,61.3,66.1,82.6,Successful
Ferdi Kadioglu,Brighton,30,4,Pass,Pass,FirstHalf,71.0,82.2,78.4,95.1,Successful
Maxim De Cuyper,Brighton,30,7,Pass,Pass,FirstHalf,79.8,94.5,72.3,77.7,Successful
Malick Yalcouyé,Brighton,30,9,Pass,Pass,FirstHalf,72.3,78.0,77.0,94.8,Successful
Maxim De Cuyper,Brighton,30,11,Pass,Pass,FirstHalf,77.6,95.2,81.6,96.4,Successful
Ferdi Kadioglu,Brighton,30,14,Pass,Pass,FirstHalf,80.3,96.4,100.0,79.0,Unsuccessful
Wesley Fofana,Chelsea,30,18,ShieldBallOpp,ShieldBallOpp,FirstHalf,2.3,23.2,0.0,0.0,Successful
Emiliano Martínez,Chelsea,30,45,Long Pass,Pass,FirstHalf,4.7,49.8,62.5,68.0,Unsuccessful
Luka Vuskovic,Brighton,30,49,Aerial Won,Aerial,FirstHalf,37.5,32.0,0.0,0.0,Successful
Morgan Rogers,Chelsea,30,49,Aerial Lost,Aerial,FirstHalf,62.5,68.0,0.0,0.0,Unsuccessful
Luka Vuskovic,Brighton,30,49,Pass,Pass,FirstHalf,37.5,32.0,50.3,33.6,Successful
Pascal Groß,Brighton,30,51,Long Pass,Pass,FirstHalf,47.7,31.5,63.9,42.4,Successful
Charalampos Kostoulas,Brighton,30,52,Ball Recovery,BallRecovery,FirstHalf,62.8,41.7,0.0,0.0,Successful
Charalampos Kostoulas,Brighton,30,52,Pass,Pass,FirstHalf,62.2,38.5,67.4,21.3,Successful
Diego Gómez,Brighton,30,56,Pass,Pass,FirstHalf,71.3,22.9,86.9,16.5,Successful
Mats Wieffer,Brighton,30,58,Cross,Pass,FirstHalf,89.4,16.8,85.9,48.3,Successful
Malick Yalcouyé,Brighton,31,0,BallTouch,BallTouch,FirstHalf,84.9,48.1,0.0,0.0,Unsuccessful
Jorrel Hato,Chelsea,31,3,Pass,Pass,FirstHalf,19.2,73.8,26.5,74.8,Successful
Morgan Rogers,Chelsea,31,4,Ball Recovery,BallRecovery,FirstHalf,25.7,74.9,0.0,0.0,Successful
Morgan Rogers,Chelsea,31,4,Pass,Pass,FirstHalf,25.2,74.0,45.3,93.6,Successful
Jorrel Hato,Chelsea,31,11,Assist,Pass,FirstHalf,80.8,68.5,86.3,45.2,Successful
João Pedro,Chelsea,31,13,Goal,Goal,FirstHalf,90.8,45.6,0.0,0.0,Successful
Charalampos Kostoulas,Brighton,32,29,Pass,Pass,FirstHalf,50.1,49.9,39.6,53.6,Successful
Olivier Boscagli,Brighton,32,31,Pass,Pass,FirstHalf,41.4,58.5,57.0,95.4,Successful
Maxim De Cuyper,Brighton,32,38,Pass,Pass,FirstHalf,65.4,97.5,54.2,95.2,Successful
Ferdi Kadioglu,Brighton,32,39,Pass,Pass,FirstHalf,54.2,94.0,45.8,74.4,Successful
Lewis Dunk,Brighton,32,42,Pass,Pass,FirstHalf,43.1,71.1,46.4,41.7,Successful
Luka Vuskovic,Brighton,32,46,Pass,Pass,FirstHalf,46.2,40.2,45.0,60.1,Successful
Lewis Dunk,Brighton,32,47,Pass,Pass,FirstHalf,45.0,60.1,55.2,53.8,Successful
Olivier Boscagli,Brighton,32,49,Long Pass,Pass,FirstHalf,55.2,53.8,21.0,67.5,Successful
Bart Verbruggen,Brighton,32,52,Pass,Pass,FirstHalf,21.4,69.0,33.1,77.1,Successful
Lewis Dunk,Brighton,32,56,Long Pass,Pass,FirstHalf,28.4,70.9,100.0,16.0,Unsuccessful
Emiliano Martínez,Chelsea,33,32,Long Pass,Pass,FirstHalf,4.1,56.2,60.4,32.5,Successful
João Pedro,Chelsea,33,35,Chipped Pass,Pass,FirstHalf,60.7,32.7,53.8,43.0,Successful
Cole Palmer,Chelsea,33,36,Long Pass,Pass,FirstHalf,53.7,43.6,81.5,85.9,Successful
Morgan Rogers,Chelsea,33,41,Pass,Pass,FirstHalf,86.9,82.4,80.3,70.0,Successful
Cole Palmer,Chelsea,33,43,Pass,Pass,FirstHalf,80.1,66.5,88.5,81.2,Successful
Morgan Rogers,Chelsea,33,45,Key Pass,Pass,FirstHalf,88.5,78.2,96.1,68.5,Successful
Cole Palmer,Chelsea,33,47,Shot on Target,SavedShot,FirstHalf,96.1,68.5,0.0,0.0,Successful
Olivier Boscagli,Brighton,33,47,Save,Save,FirstHalf,3.0,34.6,0.0,0.0,Successful
Cole Palmer,Chelsea,33,48,CornerAwarded,CornerAwarded,FirstHalf,97.8,66.2,0.0,0.0,Successful
Olivier Boscagli,Brighton,33,48,CornerAwarded,CornerAwarded,FirstHalf,2.2,33.8,0.0,0.0,Unsuccessful
Malo Gusto,Chelsea,34,28,Cross,Pass,FirstHalf,99.5,99.5,95.1,56.4,Unsuccessful
Luka Vuskovic,Brighton,34,32,Clearance,Clearance,FirstHalf,5.1,44.7,27.0,6.6,Successful
Morgan Rogers,Chelsea,34,37,Loss of Possession,Dispossessed,FirstHalf,69.4,95.7,0.0,0.0,Successful
Malick Yalcouyé,Brighton,34,37,Was Dribbled,Tackle,FirstHalf,30.6,4.3,0.0,0.0,Unsuccessful
Morgan Rogers,Chelsea,34,38,BallTouch,BallTouch,FirstHalf,67.4,96.9,0.0,0.0,Successful
Maxim De Cuyper,Brighton,34,41,Throw In,Pass,FirstHalf,41.5,0.0,58.4,8.0,Successful
Pedro Neto,Chelsea,34,44,Challenge,Challenge,FirstHalf,41.5,90.6,0.0,0.0,Unsuccessful
Malick Yalcouyé,Brighton,34,44,Successful Dribble,TakeOn,FirstHalf,58.5,9.4,0.0,0.0,Successful
Malick Yalcouyé,Brighton,34,45,Key Pass,Pass,FirstHalf,75.5,25.8,89.0,35.4,Successful
Charalampos Kostoulas,Brighton,34,46,Shot on Target,SavedShot,FirstHalf,92.9,34.9,0.0,0.0,Successful
Emiliano Martínez,Chelsea,34,47,Save,Save,FirstHalf,5.2,61.1,0.0,0.0,Successful
Malick Yalcouyé,Brighton,34,48,Goal,Goal,FirstHalf,91.4,43.8,0.0,0.0,Successful
Cole Palmer,Chelsea,35,33,Pass,Pass,FirstHalf,50.0,49.7,21.9,55.6,Successful
Emiliano Martínez,Chelsea,35,38,Long Pass,Pass,FirstHalf,25.4,56.2,75.2,86.3,Unsuccessful
Mats Wieffer,Brighton,35,41,Interception,Interception,FirstHalf,24.8,13.7,0.0,0.0,Successful
Jorrel Hato,Chelsea,35,43,BallTouch,BallTouch,FirstHalf,67.5,90.5,0.0,0.0,Unsuccessful
Diego Gómez,Brighton,35,45,Loss of Possession,Dispossessed,FirstHalf,32.1,8.1,0.0,0.0,Successful
Roméo Lavia,Chelsea,35,45,Successful Tackle,Tackle,FirstHalf,67.9,91.9,0.0,0.0,Successful
Roméo Lavia,Chelsea,35,46,Pass,Pass,FirstHalf,67.9,93.4,77.3,92.5,Successful
Morgan Rogers,Chelsea,35,54,Pass,Pass,FirstHalf,79.3,90.2,75.3,75.2,Successful
João Pedro,Chelsea,35,55,Chipped Pass,Pass,FirstHalf,75.3,75.3,96.3,69.3,Successful
Mats Wieffer,Brighton,36,1,Foul,Foul,FirstHalf,3.0,31.2,0.0,0.0,Successful
Morgan Rogers,Chelsea,36,1,Foul,Foul,FirstHalf,97.0,68.8,0.0,0.0,Unsuccessful
Bart Verbruggen,Brighton,36,14,Pass,Pass,FirstHalf,4.7,42.7,8.7,71.1,Successful
Lewis Dunk,Brighton,36,17,Pass,Pass,FirstHalf,11.0,70.0,3.0,46.1,Successful
Bart Verbruggen,Brighton,36,20,Long Pass,Pass,FirstHalf,4.0,41.1,45.8,9.0,Unsuccessful
Levi Colwill,Chelsea,36,24,Aerial Won,Aerial,FirstHalf,54.2,91.0,0.0,0.0,Successful
Diego Gómez,Brighton,36,24,Aerial Lost,Aerial,FirstHalf,45.8,9.0,0.0,0.0,Unsuccessful
Levi Colwill,Chelsea,36,27,Pass,Pass,FirstHalf,54.2,91.0,60.5,100.0,Unsuccessful
Mats Wieffer,Brighton,36,33,Throw In,Pass,FirstHalf,37.2,0.0,29.5,16.4,Successful
Luka Vuskovic,Brighton,36,39,Pass,Pass,FirstHalf,29.9,33.3,26.9,59.5,Successful
Lewis Dunk,Brighton,36,40,Pass,Pass,FirstHalf,27.5,63.4,33.6,87.9,Successful
Ferdi Kadioglu,Brighton,36,44,Pass,Pass,FirstHalf,42.1,85.8,47.1,79.0,Successful
Olivier Boscagli,Brighton,36,46,Pass,Pass,FirstHalf,51.4,79.9,56.4,94.8,Successful
Malick Yalcouyé,Brighton,36,49,Pass,Pass,FirstHalf,53.8,94.2,44.2,86.4,Successful
Ferdi Kadioglu,Brighton,36,51,Pass,Pass,FirstHalf,44.2,85.2,36.8,68.1,Successful
Lewis Dunk,Brighton,36,52,Pass,Pass,FirstHalf,37.2,68.1,36.1,37.9,Successful
Luka Vuskovic,Brighton,36,56,Pass,Pass,FirstHalf,41.2,33.4,38.3,63.1,Successful
Lewis Dunk,Brighton,36,58,Pass,Pass,FirstHalf,38.3,63.1,46.7,57.1,Successful
Olivier Boscagli,Brighton,36,59,Pass,Pass,FirstHalf,46.5,56.5,42.3,33.1,Successful
Luka Vuskovic,Brighton,37,5,Long Pass,Pass,FirstHalf,59.4,24.4,90.7,26.0,Unsuccessful
Emiliano Martínez,Chelsea,37,12,KeeperPickup,KeeperPickup,FirstHalf,8.7,73.6,0.0,0.0,Successful
Emiliano Martínez,Chelsea,37,24,Long Pass,Pass,FirstHalf,14.7,54.4,70.1,75.8,Unsuccessful
Luka Vuskovic,Brighton,37,26,Clearance,Clearance,FirstHalf,31.2,24.6,34.0,9.6,Successful
Mats Wieffer,Brighton,37,30,Ball Recovery,BallRecovery,FirstHalf,29.6,10.6,0.0,0.0,Successful
Mats Wieffer,Brighton,37,30,Pass,Pass,FirstHalf,34.0,9.0,29.5,29.7,Successful
Luka Vuskovic,Brighton,37,34,Pass,Pass,FirstHalf,28.9,41.1,36.5,56.5,Successful
Olivier Boscagli,Brighton,37,37,Pass,Pass,FirstHalf,38.5,47.5,47.6,56.7,Successful
Malick Yalcouyé,Brighton,37,38,Pass,Pass,FirstHalf,47.6,56.7,44.7,41.7,Successful
Pascal Groß,Brighton,37,41,Pass,Pass,FirstHalf,45.9,40.9,33.3,46.8,Successful
Luka Vuskovic,Brighton,37,42,Pass,Pass,FirstHalf,34.0,48.9,31.6,69.7,Successful
Lewis Dunk,Brighton,37,49,Pass,Pass,FirstHalf,23.5,49.8,12.1,49.8,Successful
Bart Verbruggen,Brighton,37,50,Pass,Pass,FirstHalf,12.1,49.8,26.8,80.2,Successful
Luka Vuskovic,Brighton,37,54,Pass,Pass,FirstHalf,23.2,75.7,10.9,49.9,Successful
Bart Verbruggen,Brighton,37,56,Pass,Pass,FirstHalf,10.9,49.9,19.4,35.4,Successful
Lewis Dunk,Brighton,38,1,Pass,Pass,FirstHalf,31.5,35.1,52.5,34.3,Unsuccessful
Levi Colwill,Chelsea,38,1,Interception,Interception,FirstHalf,47.5,65.7,0.0,0.0,Successful
Levi Colwill,Chelsea,38,2,Ball Recovery,BallRecovery,FirstHalf,53.6,74.8,0.0,0.0,Successful
Levi Colwill,Chelsea,38,3,Pass,Pass,FirstHalf,59.7,74.8,57.4,80.8,Successful
Morgan Rogers,Chelsea,38,5,Pass,Pass,FirstHalf,58.7,83.8,61.6,73.7,Unsuccessful
Malick Yalcouyé,Brighton,38,7,Clearance,Clearance,FirstHalf,38.3,30.3,13.1,0.0,Successful
Jorrel Hato,Chelsea,38,30,Throw In,Pass,FirstHalf,88.0,100.0,86.8,73.8,Unsuccessful
Mats Wieffer,Brighton,38,33,Interception,Interception,FirstHalf,13.2,26.2,0.0,0.0,Successful
Luka Vuskovic,Brighton,38,34,BallTouch,BallTouch,FirstHalf,15.8,24.9,0.0,0.0,Successful
Pascal Groß,Brighton,38,35,Ball Recovery,BallRecovery,FirstHalf,50.0,50.0,0.0,0.0,Successful
Pascal Groß,Brighton,38,36,Chipped Pass,Pass,FirstHalf,14.5,13.1,32.8,19.0,Successful
Charalampos Kostoulas,Brighton,38,36,Aerial Won,Aerial,FirstHalf,32.8,19.0,0.0,0.0,Successful
Levi Colwill,Chelsea,38,36,Aerial Lost,Aerial,FirstHalf,67.2,81.0,0.0,0.0,Unsuccessful
Charalampos Kostoulas,Brighton,38,37,Pass,Pass,FirstHalf,32.8,19.0,46.7,18.0,Unsuccessful
Maxence Lacroix,Chelsea,38,38,Long Pass,Pass,FirstHalf,56.1,89.3,79.6,100.0,Unsuccessful
Mats Wieffer,Brighton,38,54,Throw In,Pass,FirstHalf,19.7,0.0,30.8,3.7,Successful
Pascal Groß,Brighton,38,57,Long Pass,Pass,FirstHalf,30.8,3.7,60.7,94.2,Successful
Maxim De Cuyper,Brighton,39,6,Pass,Pass,FirstHalf,64.4,85.2,68.7,94.3,Successful
Malick Yalcouyé,Brighton,39,8,Pass,Pass,FirstHalf,68.7,93.9,63.8,94.3,Successful
Ferdi Kadioglu,Brighton,39,9,Pass,Pass,FirstHalf,61.6,94.3,58.6,74.7,Successful
Olivier Boscagli,Brighton,39,14,Pass,Pass,FirstHalf,64.1,62.4,62.3,30.1,Successful
Mats Wieffer,Brighton,39,18,Pass,Pass,FirstHalf,64.5,26.1,68.6,38.2,Successful
Olivier Boscagli,Brighton,39,19,Pass,Pass,FirstHalf,68.6,38.2,74.2,15.7,Successful
Pascal Groß,Brighton,39,21,Pass,Pass,FirstHalf,72.3,14.1,58.7,25.5,Successful
Mats Wieffer,Brighton,39,23,Pass,Pass,FirstHalf,58.6,25.5,65.6,30.0,Unsuccessful
Roméo Lavia,Chelsea,39,25,Interception,Interception,FirstHalf,34.4,70.0,0.0,0.0,Successful
Roméo Lavia,Chelsea,39,27,Foul,Foul,FirstHalf,35.0,72.0,0.0,0.0,Successful
Charalampos Kostoulas,Brighton,39,27,Foul,Foul,FirstHalf,65.1,28.0,0.0,0.0,Unsuccessful
Levi Colwill,Chelsea,39,31,Pass,Pass,FirstHalf,36.3,74.2,45.3,66.2,Successful
João Pedro,Chelsea,39,32,Unsuccessful Dribble,TakeOn,FirstHalf,43.8,69.4,0.0,0.0,Unsuccessful
João Pedro,Chelsea,39,34,Foul,Foul,FirstHalf,42.2,68.2,0.0,0.0,Successful
Luka Vuskovic,Brighton,39,34,Foul,Foul,FirstHalf,57.8,31.8,0.0,0.0,Unsuccessful
Levi Colwill,Chelsea,40,3,Pass,Pass,FirstHalf,43.0,69.3,36.3,46.8,Successful
Maxence Lacroix,Chelsea,40,4,Pass,Pass,FirstHalf,37.6,43.6,38.7,27.0,Successful
Wesley Fofana,Chelsea,40,5,Pass,Pass,FirstHalf,35.9,35.0,31.2,51.2,Successful
Maxence Lacroix,Chelsea,40,7,Pass,Pass,FirstHalf,31.1,53.3,31.2,71.8,Successful
Roméo Lavia,Chelsea,40,13,Pass,Pass,FirstHalf,32.6,57.0,43.0,88.7,Successful
Levi Colwill,Chelsea,40,18,Pass,Pass,FirstHalf,42.6,88.1,53.4,78.9,Successful
Morgan Rogers,Chelsea,40,19,Pass,Pass,FirstHalf,53.3,82.4,63.1,98.3,Successful
Jorrel Hato,Chelsea,40,20,Key Pass,Pass,FirstHalf,61.3,96.7,87.9,83.8,Successful
João Pedro,Chelsea,40,26,Shot on Target,SavedShot,FirstHalf,91.4,66.0,0.0,0.0,Successful
Lewis Dunk,Brighton,40,26,Save,Save,FirstHalf,7.6,35.2,0.0,0.0,Successful
Morgan Rogers,Chelsea,40,32,Shot on Target,SavedShot,FirstHalf,84.0,64.0,0.0,0.0,Successful
Pascal Groß,Brighton,40,32,Save,Save,FirstHalf,15.3,38.6,0.0,0.0,Successful
Levi Colwill,Chelsea,40,33,Pass,Pass,FirstHalf,77.6,67.5,85.6,69.3,Unsuccessful
Malick Yalcouyé,Brighton,40,34,Clearance,Clearance,FirstHalf,13.7,30.5,21.2,31.9,Successful
Levi Colwill,Chelsea,40,35,BallTouch,BallTouch,FirstHalf,79.2,69.5,0.0,0.0,Successful
Maxence Lacroix,Chelsea,40,36,Pass,Pass,FirstHalf,61.0,43.4,68.7,31.1,Unsuccessful
Maxim De Cuyper,Brighton,40,39,BallTouch,BallTouch,FirstHalf,32.2,68.7,0.0,0.0,Unsuccessful
Roméo Lavia,Chelsea,40,41,Long Pass,Pass,FirstHalf,61.3,39.3,72.2,0.9,Successful
Pedro Neto,Chelsea,40,49,Pass,Pass,FirstHalf,86.1,13.8,75.8,20.0,Successful
Cole Palmer,Chelsea,40,51,Pass,Pass,FirstHalf,74.6,23.2,70.4,38.3,Successful
Roméo Lavia,Chelsea,40,53,Pass,Pass,FirstHalf,69.9,37.3,77.6,5.7,Successful
Wesley Fofana,Chelsea,40,56,Pass,Pass,FirstHalf,77.6,5.9,70.9,23.6,Successful
Cole Palmer,Chelsea,40,58,Chipped Pass,Pass,FirstHalf,70.8,27.6,91.2,49.4,Unsuccessful
Luka Vuskovic,Brighton,41,0,Clearance,Clearance,FirstHalf,11.0,46.0,13.9,53.2,Successful
Lewis Dunk,Brighton,41,0,BallTouch,BallTouch,FirstHalf,14.7,51.6,0.0,0.0,Unsuccessful
Lewis Dunk,Brighton,41,1,Error,Error,FirstHalf,13.9,53.2,0.0,0.0,Successful
Morgan Rogers,Chelsea,41,4,Shot off Target,MissedShots,FirstHalf,80.2,49.5,0.0,0.0,Successful
Bart Verbruggen,Brighton,41,31,Long Pass,Pass,FirstHalf,4.4,48.5,63.0,22.1,Unsuccessful
Levi Colwill,Chelsea,41,37,Clearance,Clearance,FirstHalf,39.9,83.0,36.3,100.0,Successful
Mats Wieffer,Brighton,41,44,Long Pass,Pass,FirstHalf,69.0,0.0,48.0,10.5,Successful
Luka Vuskovic,Brighton,41,49,Pass,Pass,FirstHalf,51.2,21.7,59.0,24.0,Successful
Olivier Boscagli,Brighton,41,53,Pass,Pass,FirstHalf,58.7,25.6,50.5,57.6,Successful
Lewis Dunk,Brighton,41,59,Pass,Pass,FirstHalf,52.9,57.7,58.3,30.6,Successful
Olivier Boscagli,Brighton,42,2,Pass,Pass,FirstHalf,61.3,27.9,76.4,4.2,Successful
Mats Wieffer,Brighton,42,6,Pass,Pass,FirstHalf,85.7,7.5,99.3,25.3,Successful
Diego Gómez,Brighton,42,10,Chipped Pass,Pass,FirstHalf,98.6,30.7,97.8,40.3,Unsuccessful
Levi Colwill,Chelsea,42,11,BallTouch,BallTouch,FirstHalf,2.3,62.1,0.0,0.0,Successful
Diego Gómez,Brighton,42,11,CornerAwarded,CornerAwarded,FirstHalf,97.7,38.8,0.0,0.0,Successful
Levi Colwill,Chelsea,42,11,CornerAwarded,CornerAwarded,FirstHalf,2.3,61.2,0.0,0.0,Unsuccessful
Maxim De Cuyper,Brighton,42,47,Cross,Pass,FirstHalf,99.5,0.5,97.0,49.9,Unsuccessful
Emiliano Martínez,Chelsea,42,50,Foul,Foul,FirstHalf,3.5,50.0,0.0,0.0,Successful
Olivier Boscagli,Brighton,42,50,Foul,Foul,FirstHalf,96.4,50.0,0.0,0.0,Unsuccessful
Emiliano Martínez,Chelsea,43,34,Long Pass,Pass,FirstHalf,9.5,46.0,65.2,55.2,Successful
João Pedro,Chelsea,43,36,Aerial Won,Aerial,FirstHalf,65.2,55.2,0.0,0.0,Successful
Olivier Boscagli,Brighton,43,36,Aerial Lost,Aerial,FirstHalf,34.8,44.8,0.0,0.0,Unsuccessful
João Pedro,Chelsea,43,37,Pass,Pass,FirstHalf,65.2,55.2,71.1,55.0,Unsuccessful
Lewis Dunk,Brighton,43,38,Pass,Pass,FirstHalf,29.6,44.6,39.3,37.4,Unsuccessful
João Pedro,Chelsea,43,40,Pass,Pass,FirstHalf,60.0,63.8,74.8,66.7,Unsuccessful
Luka Vuskovic,Brighton,43,42,Pass,Pass,FirstHalf,23.1,32.5,10.0,41.3,Successful
Bart Verbruggen,Brighton,43,44,KeeperPickup,KeeperPickup,FirstHalf,11.0,43.9,0.0,0.0,Successful
Bart Verbruggen,Brighton,43,54,Pass,Pass,FirstHalf,14.7,50.5,14.2,70.3,Successful
Lewis Dunk,Brighton,44,1,Long Pass,Pass,FirstHalf,23.0,63.6,72.3,77.5,Unsuccessful
Wesley Fofana,Chelsea,44,6,Clearance,Clearance,FirstHalf,25.8,24.4,42.3,32.7,Successful
Olivier Boscagli,Brighton,44,7,Pass,Pass,FirstHalf,57.7,67.9,67.4,58.1,Successful
Diego Gómez,Brighton,44,8,Pass,Pass,FirstHalf,65.7,60.5,59.0,66.4,Successful
Olivier Boscagli,Brighton,44,10,Pass,Pass,FirstHalf,62.1,60.9,69.1,24.4,Successful
Mats Wieffer,Brighton,44,13,Cross,Pass,FirstHalf,74.2,23.1,86.0,49.3,Unsuccessful
Maxence Lacroix,Chelsea,44,15,Clearance,Clearance,FirstHalf,14.8,49.3,30.6,57.0,Successful
Luka Vuskovic,Brighton,44,16,BallTouch,BallTouch,FirstHalf,68.5,42.1,0.0,0.0,Unsuccessful
Luka Vuskovic,Brighton,44,17,Challenge,Challenge,FirstHalf,67.1,48.9,0.0,0.0,Unsuccessful
João Pedro,Chelsea,44,17,Successful Dribble,TakeOn,FirstHalf,32.9,51.1,0.0,0.0,Successful
João Pedro,Chelsea,44,18,Ball Recovery,BallRecovery,FirstHalf,32.6,55.5,0.0,0.0,Successful
João Pedro,Chelsea,44,24,Pass,Pass,FirstHalf,56.7,92.2,44.4,82.0,Unsuccessful
Charalampos Kostoulas,Brighton,44,26,Ball Recovery,BallRecovery,FirstHalf,60.7,26.8,0.0,0.0,Successful
Charalampos Kostoulas,Brighton,44,28,Pass,Pass,FirstHalf,64.0,41.2,56.2,55.5,Successful
Malick Yalcouyé,Brighton,44,33,Pass,Pass,FirstHalf,57.7,40.5,69.1,5.6,Successful
Pascal Groß,Brighton,44,35,Key Pass,Pass,FirstHalf,77.4,8.8,91.4,44.8,Successful
Diego Gómez,Brighton,44,39,Aerial Won,Aerial,FirstHalf,91.4,44.8,0.0,0.0,Successful
Maxence Lacroix,Chelsea,44,39,Aerial Lost,Aerial,FirstHalf,8.6,55.2,0.0,0.0,Unsuccessful
Diego Gómez,Brighton,44,39,Shot off Target,MissedShots,FirstHalf,91.4,44.8,0.0,0.0,Successful
Emiliano Martínez,Chelsea,45,8,Long Pass,Pass,FirstHalf,4.8,59.7,70.5,70.1,Unsuccessful
Luka Vuskovic,Brighton,45,10,Aerial Won,Aerial,FirstHalf,29.5,29.9,0.0,0.0,Successful
João Pedro,Chelsea,45,10,Aerial Lost,Aerial,FirstHalf,70.5,70.1,0.0,0.0,Unsuccessful
Luka Vuskovic,Brighton,45,11,Pass,Pass,FirstHalf,29.5,29.9,44.0,22.9,Successful
Diego Gómez,Brighton,45,12,Pass,Pass,FirstHalf,45.0,23.3,38.9,15.6,Successful
Pascal Groß,Brighton,45,15,Long Pass,Pass,FirstHalf,39.3,14.6,80.2,30.1,Unsuccessful
Wesley Fofana,Chelsea,45,21,Clearance,Clearance,FirstHalf,16.0,90.1,19.1,100.0,Successful
Pascal Groß,Brighton,45,28,Throw In,Pass,FirstHalf,83.9,0.0,83.5,10.6,Successful
Charalampos Kostoulas,Brighton,45,29,Pass,Pass,FirstHalf,82.5,13.7,85.8,2.9,Successful
Pascal Groß,Brighton,45,31,Pass,Pass,FirstHalf,86.5,6.3,75.8,7.0,Successful
Mats Wieffer,Brighton,45,35,Pass,Pass,FirstHalf,75.8,7.0,94.9,26.2,Successful
Malick Yalcouyé,Brighton,45,40,Pass,Pass,FirstHalf,93.2,24.8,85.0,31.9,Successful
Olivier Boscagli,Brighton,45,42,Chipped Pass,Pass,FirstHalf,84.6,29.1,92.3,64.2,Unsuccessful
Pedro Neto,Chelsea,45,43,Aerial Won,Aerial,FirstHalf,7.7,35.8,0.0,0.0,Successful
Ferdi Kadioglu,Brighton,45,43,Aerial Lost,Aerial,FirstHalf,92.3,64.2,0.0,0.0,Unsuccessful
Pedro Neto,Chelsea,45,44,Clearance,Clearance,FirstHalf,7.7,35.8,13.7,0.0,Successful
Ferdi Kadioglu,Brighton,45,53,Throw In,Pass,FirstHalf,78.8,100.0,63.5,91.4,Successful
Lewis Dunk,Brighton,45,54,Pass,Pass,FirstHalf,62.4,90.1,69.2,97.5,Successful
Ferdi Kadioglu,Brighton,45,56,Pass,Pass,FirstHalf,71.6,95.4,80.2,96.1,Successful
Maxim De Cuyper,Brighton,45,59,Pass,Pass,FirstHalf,80.8,96.4,70.0,95.7,Successful
Ferdi Kadioglu,Brighton,46,2,Key Pass,Pass,FirstHalf,68.7,95.1,64.8,59.3,Successful
Luka Vuskovic,Brighton,46,6,Shot off Target,MissedShots,FirstHalf,69.7,48.1,0.0,0.0,Successful
Emiliano Martínez,Chelsea,46,38,Long Pass,Pass,FirstHalf,4.7,60.7,73.1,48.3,Successful
João Pedro,Chelsea,46,43,Aerial Won,Aerial,FirstHalf,73.1,48.3,0.0,0.0,Successful
Lewis Dunk,Brighton,46,43,Aerial Lost,Aerial,FirstHalf,26.9,51.7,0.0,0.0,Unsuccessful
João Pedro,Chelsea,46,44,Pass,Pass,FirstHalf,73.1,48.3,72.5,55.8,Unsuccessful
Olivier Boscagli,Brighton,46,47,Interception,Interception,FirstHalf,27.5,44.2,0.0,0.0,Successful
Bart Verbruggen,Brighton,46,48,Ball Recovery,BallRecovery,FirstHalf,9.2,49.5,0.0,0.0,Successful
,Brighton,47,13,End,End,FirstHalf,0.0,0.0,0.0,0.0,Successful
,Chelsea,47,13,End,End,FirstHalf,0.0,0.0,0.0,0.0,Successful
,Chelsea,45,0,Start,Start,SecondHalf,0.0,0.0,0.0,0.0,Successful
,Brighton,45,0,Start,Start,SecondHalf,0.0,0.0,0.0,0.0,Successful
Cole Palmer,Chelsea,45,0,Pass,Pass,SecondHalf,49.9,49.7,21.9,62.4,Successful
Emiliano Martínez,Chelsea,45,5,Long Pass,Pass,SecondHalf,23.8,62.3,67.6,81.8,Unsuccessful
Luka Vuskovic,Brighton,45,10,Pass,Pass,SecondHalf,31.9,19.9,34.6,20.5,Unsuccessful
Morgan Rogers,Chelsea,45,11,BallTouch,BallTouch,SecondHalf,66.0,81.0,0.0,0.0,Successful
Diego Gómez,Brighton,45,12,Loss of Possession,Dispossessed,SecondHalf,34.9,2.5,0.0,0.0,Successful
Jorrel Hato,Chelsea,45,12,Was Dribbled,Tackle,SecondHalf,65.1,97.5,0.0,0.0,Unsuccessful
Diego Gómez,Brighton,45,13,Loss of Possession,Dispossessed,SecondHalf,36.4,3.4,0.0,0.0,Successful
Jorrel Hato,Chelsea,45,13,Successful Tackle,Tackle,SecondHalf,63.6,96.6,0.0,0.0,Successful
Mats Wieffer,Brighton,45,22,Throw In,Pass,SecondHalf,35.2,0.0,18.9,6.2,Successful
Luka Vuskovic,Brighton,45,25,Pass,Pass,SecondHalf,23.2,5.5,22.8,12.6,Unsuccessful
João Pedro,Chelsea,45,25,BlockedPass,BlockedPass,SecondHalf,77.2,87.4,0.0,0.0,Successful
Roméo Lavia,Chelsea,45,29,Pass,Pass,SecondHalf,58.3,81.0,64.2,100.0,Unsuccessful
Mats Wieffer,Brighton,45,43,Throw In,Pass,SecondHalf,38.9,0.0,49.0,13.1,Successful
Diego Gómez,Brighton,45,46,Loss of Possession,Dispossessed,SecondHalf,51.7,23.7,0.0,0.0,Successful
Levi Colwill,Chelsea,45,46,Successful Tackle,Tackle,SecondHalf,48.3,76.3,0.0,0.0,Successful
Levi Colwill,Chelsea,45,47,Ball Recovery,BallRecovery,SecondHalf,46.2,83.2,0.0,0.0,Successful
Levi Colwill,Chelsea,45,51,Pass,Pass,SecondHalf,39.3,97.5,47.2,97.5,Successful
Morgan Rogers,Chelsea,45,52,Pass,Pass,SecondHalf,47.3,97.3,59.5,94.0,Unsuccessful
Luka Vuskovic,Brighton,45,54,Ball Recovery,BallRecovery,SecondHalf,40.4,6.6,0.0,0.0,Successful
Luka Vuskovic,Brighton,45,55,Pass,Pass,SecondHalf,40.4,6.6,42.7,16.6,Successful
Olivier Boscagli,Brighton,45,56,Long Pass,Pass,SecondHalf,42.9,16.8,18.1,49.3,Successful
Bart Verbruggen,Brighton,46,3,Pass,Pass,SecondHalf,17.9,46.3,26.5,16.5,Successful
Luka Vuskovic,Brighton,46,9,Pass,Pass,SecondHalf,30.8,10.3,29.8,31.0,Successful
Olivier Boscagli,Brighton,46,11,Pass,Pass,SecondHalf,30.4,30.4,33.4,16.3,Successful
Luka Vuskovic,Brighton,46,14,Pass,Pass,SecondHalf,39.2,13.5,37.6,4.6,Successful
Mats Wieffer,Brighton,46,20,Pass,Pass,SecondHalf,33.5,7.3,13.3,25.6,Successful
Bart Verbruggen,Brighton,46,23,Long Pass,Pass,SecondHalf,11.4,29.2,19.4,81.1,Successful
Lewis Dunk,Brighton,46,26,Pass,Pass,SecondHalf,21.6,80.3,34.5,64.6,Successful
Charalampos Kostoulas,Brighton,46,28,Pass,Pass,SecondHalf,35.3,63.2,30.5,58.7,Successful
Olivier Boscagli,Brighton,46,29,Pass,Pass,SecondHalf,29.1,58.3,45.0,52.3,Successful
Pascal Groß,Brighton,46,31,Long Pass,Pass,SecondHalf,40.9,57.0,73.1,21.7,Unsuccessful
Jorrel Hato,Chelsea,46,35,Ball Recovery,BallRecovery,SecondHalf,22.8,85.5,0.0,0.0,Successful
Jorrel Hato,Chelsea,46,36,Pass,Pass,SecondHalf,22.9,81.6,5.0,67.7,Successful
Emiliano Martínez,Chelsea,46,38,Long Pass,Pass,SecondHalf,5.3,63.0,45.2,44.1,Successful
Cole Palmer,Chelsea,46,41,Aerial Won,Aerial,SecondHalf,45.2,44.1,0.0,0.0,Successful
Olivier Boscagli,Brighton,46,41,Aerial Lost,Aerial,SecondHalf,54.8,55.9,0.0,0.0,Unsuccessful
Cole Palmer,Chelsea,46,42,Pass,Pass,SecondHalf,45.2,44.1,48.4,42.1,Unsuccessful
Olivier Boscagli,Brighton,46,42,BallTouch,BallTouch,SecondHalf,50.7,56.5,0.0,0.0,Successful
Charalampos Kostoulas,Brighton,46,43,Aerial Won,Aerial,SecondHalf,55.8,63.4,0.0,0.0,Successful
Malo Gusto,Chelsea,46,43,Aerial Lost,Aerial,SecondHalf,44.2,36.6,0.0,0.0,Unsuccessful
Charalampos Kostoulas,Brighton,46,44,Pass,Pass,SecondHalf,56.7,63.2,52.4,50.5,Successful
Olivier Boscagli,Brighton,46,45,Chipped Pass,Pass,SecondHalf,52.4,48.5,56.1,26.2,Successful
Mats Wieffer,Brighton,46,47,Ball Recovery,BallRecovery,SecondHalf,56.4,24.2,0.0,0.0,Successful
Mats Wieffer,Brighton,46,49,Pass,Pass,SecondHalf,53.8,23.5,54.7,42.7,Successful
Olivier Boscagli,Brighton,46,50,Pass,Pass,SecondHalf,54.4,40.5,45.6,57.0,Successful
Lewis Dunk,Brighton,46,53,Pass,Pass,SecondHalf,45.1,58.5,46.5,76.8,Successful
Ferdi Kadioglu,Brighton,46,56,Pass,Pass,SecondHalf,52.8,66.7,44.9,67.2,Successful
Lewis Dunk,Brighton,46,57,Pass,Pass,SecondHalf,45.7,67.5,54.1,86.1,Successful
Maxim De Cuyper,Brighton,47,1,Pass,Pass,SecondHalf,53.4,82.0,56.4,71.1,Successful
Charalampos Kostoulas,Brighton,47,4,Pass,Pass,SecondHalf,58.5,65.0,45.9,47.4,Successful
Luka Vuskovic,Brighton,47,8,Long Pass,Pass,SecondHalf,46.4,46.0,65.0,2.9,Successful
Diego Gómez,Brighton,47,14,Pass,Pass,SecondHalf,61.8,13.6,63.0,4.8,Successful
Mats Wieffer,Brighton,47,16,Pass,Pass,SecondHalf,63.4,4.8,69.2,3.6,Unsuccessful
Jorrel Hato,Chelsea,47,19,Interception,Interception,SecondHalf,30.8,96.4,0.0,0.0,Successful
Diego Gómez,Brighton,47,22,Throw In,Pass,SecondHalf,79.2,0.0,70.0,3.9,Successful
Mats Wieffer,Brighton,47,24,Pass,Pass,SecondHalf,69.8,4.9,66.9,16.2,Successful
Olivier Boscagli,Brighton,47,25,Pass,Pass,SecondHalf,66.1,17.1,56.1,7.9,Successful
Luka Vuskovic,Brighton,47,29,Pass,Pass,SecondHalf,54.4,14.8,50.7,54.2,Successful
Lewis Dunk,Brighton,47,31,Pass,Pass,SecondHalf,51.3,55.5,54.7,74.7,Successful
Ferdi Kadioglu,Brighton,47,35,Pass,Pass,SecondHalf,63.0,82.2,73.5,95.7,Successful
Maxim De Cuyper,Brighton,47,37,Pass,Pass,SecondHalf,75.7,93.3,71.8,95.2,Successful
Malick Yalcouyé,Brighton,47,39,Pass,Pass,SecondHalf,70.7,94.3,54.7,75.7,Successful
Lewis Dunk,Brighton,47,43,Pass,Pass,SecondHalf,55.6,84.2,55.0,95.7,Successful
Malick Yalcouyé,Brighton,47,45,Pass,Pass,SecondHalf,48.7,93.0,28.5,67.1,Successful
Bart Verbruggen,Brighton,47,47,Pass,Pass,SecondHalf,28.2,57.7,36.6,30.9,Successful
Luka Vuskovic,Brighton,47,53,Pass,Pass,SecondHalf,42.9,20.7,41.8,31.8,Successful
Olivier Boscagli,Brighton,47,55,Pass,Pass,SecondHalf,45.8,41.2,46.1,72.9,Successful
Lewis Dunk,Brighton,47,58,Pass,Pass,SecondHalf,46.6,73.9,59.4,85.0,Successful
Ferdi Kadioglu,Brighton,48,2,Pass,Pass,SecondHalf,71.6,87.7,78.1,95.7,Successful
Maxim De Cuyper,Brighton,48,4,Pass,Pass,SecondHalf,77.6,91.6,71.4,93.9,Successful
Ferdi Kadioglu,Brighton,48,6,Pass,Pass,SecondHalf,71.9,93.0,85.6,93.0,Successful
Malick Yalcouyé,Brighton,48,8,Pass,Pass,SecondHalf,85.6,93.0,95.1,72.3,Unsuccessful
Wesley Fofana,Chelsea,48,12,Clearance,Clearance,SecondHalf,2.9,24.4,3.5,0.0,Successful
Maxim De Cuyper,Brighton,48,37,Throw In,Pass,SecondHalf,90.2,100.0,83.4,93.1,Successful
Olivier Boscagli,Brighton,48,38,Cross,Pass,SecondHalf,83.6,93.2,98.7,39.3,Successful
Diego Gómez,Brighton,48,40,Aerial Won,Aerial,SecondHalf,98.7,39.3,0.0,0.0,Successful
Jorrel Hato,Chelsea,48,40,Aerial Lost,Aerial,SecondHalf,1.3,60.7,0.0,0.0,Unsuccessful
Diego Gómez,Brighton,48,40,Pass,Pass,SecondHalf,98.7,39.3,98.2,46.0,Unsuccessful
Emiliano Martínez,Chelsea,48,41,KeeperPickup,KeeperPickup,SecondHalf,2.5,55.6,0.0,0.0,Successful
Emiliano Martínez,Chelsea,48,45,Key Pass,Pass,SecondHalf,13.4,52.3,61.8,66.9,Successful
João Pedro,Chelsea,48,54,Shot on Target,SavedShot,SecondHalf,89.8,60.3,0.0,0.0,Successful
Mats Wieffer,Brighton,48,54,Save,Save,SecondHalf,8.0,41.7,0.0,0.0,Successful
Luka Vuskovic,Brighton,48,57,Clearance,Clearance,SecondHalf,13.2,40.9,10.0,0.0,Successful
Jorrel Hato,Chelsea,49,19,Throw In,Pass,SecondHalf,88.8,100.0,94.0,75.2,Unsuccessful
Mats Wieffer,Brighton,49,22,Aerial Won,Aerial,SecondHalf,6.0,24.8,0.0,0.0,Successful
João Pedro,Chelsea,49,22,Aerial Lost,Aerial,SecondHalf,94.0,75.2,0.0,0.0,Unsuccessful
Mats Wieffer,Brighton,49,23,Clearance,Clearance,SecondHalf,6.0,24.8,11.2,26.6,Successful
Olivier Boscagli,Brighton,49,24,Clearance,Clearance,SecondHalf,9.1,26.4,12.4,0.0,Successful
Jorrel Hato,Chelsea,49,37,Throw In,Pass,SecondHalf,86.9,100.0,83.2,92.0,Successful
Levi Colwill,Chelsea,49,38,Pass,Pass,SecondHalf,83.2,92.0,84.3,96.5,Successful
Jorrel Hato,Chelsea,49,42,Loss of Possession,Dispossessed,SecondHalf,73.4,95.1,0.0,0.0,Successful
Diego Gómez,Brighton,49,42,Successful Tackle,Tackle,SecondHalf,26.6,4.9,0.0,0.0,Successful
Levi Colwill,Chelsea,49,46,Long Pass,Pass,SecondHalf,66.4,100.0,89.5,93.6,Successful
Morgan Rogers,Chelsea,49,51,Cross,Pass,SecondHalf,97.2,97.1,89.2,59.3,Successful
João Pedro,Chelsea,49,55,Loss of Possession,Dispossessed,SecondHalf,96.6,74.2,0.0,0.0,Successful
Luka Vuskovic,Brighton,49,55,Successful Tackle,Tackle,SecondHalf,3.4,25.7,0.0,0.0,Successful
João Pedro,Chelsea,49,56,CornerAwarded,CornerAwarded,SecondHalf,97.0,74.7,0.0,0.0,Successful
Luka Vuskovic,Brighton,49,56,CornerAwarded,CornerAwarded,SecondHalf,3.0,25.2,0.0,0.0,Unsuccessful
Malo Gusto,Chelsea,50,23,Cross,Pass,SecondHalf,99.5,99.5,96.7,50.0,Unsuccessful
Bart Verbruggen,Brighton,50,25,KeeperPickup,KeeperPickup,SecondHalf,2.7,48.7,0.0,0.0,Successful
Bart Verbruggen,Brighton,50,29,Pass,Pass,SecondHalf,14.8,53.6,35.0,67.7,Unsuccessful
Pedro Neto,Chelsea,50,32,Foul,Foul,SecondHalf,64.1,35.1,0.0,0.0,Successful
Pascal Groß,Brighton,50,32,Foul,Foul,SecondHalf,35.9,64.9,0.0,0.0,Unsuccessful
Pedro Neto,Chelsea,50,57,Chipped Pass,Pass,SecondHalf,66.5,34.4,86.2,53.2,Unsuccessful
Luka Vuskovic,Brighton,51,0,Clearance,Clearance,SecondHalf,14.5,47.9,45.9,7.8,Successful
Morgan Rogers,Chelsea,51,6,Pass,Pass,SecondHalf,52.8,92.2,33.5,62.4,Successful
Emiliano Martínez,Chelsea,51,9,Long Pass,Pass,SecondHalf,35.0,56.4,84.9,67.9,Successful
João Pedro,Chelsea,51,13,Pass,Pass,SecondHalf,85.0,67.7,82.2,98.1,Successful
Jorrel Hato,Chelsea,51,16,Pass,Pass,SecondHalf,82.2,97.1,75.8,96.4,Successful
Morgan Rogers,Chelsea,51,19,Cross,Pass,SecondHalf,76.4,91.0,96.6,50.1,Unsuccessful
Bart Verbruggen,Brighton,51,21,KeeperPickup,KeeperPickup,SecondHalf,3.6,50.2,0.0,0.0,Successful
Bart Verbruggen,Brighton,51,25,Pass,Pass,SecondHalf,10.7,56.6,14.4,70.7,Successful
Ferdi Kadioglu,Brighton,51,30,Pass,Pass,SecondHalf,21.7,69.9,33.3,79.8,Successful
Malick Yalcouyé,Brighton,51,31,Pass,Pass,SecondHalf,33.3,79.9,24.9,72.0,Successful
Ferdi Kadioglu,Brighton,51,32,Pass,Pass,SecondHalf,24.9,72.0,22.1,56.5,Successful
Lewis Dunk,Brighton,51,34,Pass,Pass,SecondHalf,23.1,55.6,32.7,23.7,Successful
Pascal Groß,Brighton,51,38,Long Pass,Pass,SecondHalf,42.9,22.9,78.9,70.1,Unsuccessful
Wesley Fofana,Chelsea,51,43,Clearance,Clearance,SecondHalf,20.5,30.1,29.8,20.1,Successful
Charalampos Kostoulas,Brighton,51,47,Pass,Pass,SecondHalf,79.9,90.6,76.2,81.3,Successful
Malick Yalcouyé,Brighton,51,48,Pass,Pass,SecondHalf,76.2,81.3,71.9,87.4,Successful
Ferdi Kadioglu,Brighton,51,50,Pass,Pass,SecondHalf,73.1,85.2,84.2,94.5,Successful
Charalampos Kostoulas,Brighton,51,54,Cross,Pass,SecondHalf,80.5,93.0,81.5,88.7,Unsuccessful
Pedro Neto,Chelsea,51,54,Clearance,Clearance,SecondHalf,18.5,11.3,0.0,0.0,Successful
Cole Palmer,Chelsea,51,57,BallTouch,BallTouch,SecondHalf,29.1,45.2,0.0,0.0,Unsuccessful
Luka Vuskovic,Brighton,51,57,Pass,Pass,SecondHalf,69.4,55.4,78.4,52.3,Successful
Pascal Groß,Brighton,51,58,Pass,Pass,SecondHalf,78.9,51.5,79.6,59.5,Successful
Maxim De Cuyper,Brighton,52,0,Pass,Pass,SecondHalf,77.1,58.1,74.4,58.1,Successful
Olivier Boscagli,Brighton,52,0,Pass,Pass,SecondHalf,74.8,57.7,80.3,51.1,Unsuccessful
Levi Colwill,Chelsea,52,2,Clearance,Clearance,SecondHalf,19.5,50.1,67.4,28.9,Successful
Lewis Dunk,Brighton,52,5,Pass,Pass,SecondHalf,34.2,67.7,11.4,57.9,Successful
Bart Verbruggen,Brighton,52,9,Long Pass,Pass,SecondHalf,9.7,54.2,34.3,8.6,Successful
Mats Wieffer,Brighton,52,14,Pass,Pass,SecondHalf,37.0,7.5,33.2,29.5,Successful
Luka Vuskovic,Brighton,52,15,Pass,Pass,SecondHalf,33.4,31.9,38.1,40.5,Successful
Olivier Boscagli,Brighton,52,18,Pass,Pass,SecondHalf,40.4,35.1,41.5,6.9,Successful
Mats Wieffer,Brighton,52,22,Pass,Pass,SecondHalf,51.7,10.0,51.4,3.6,Successful
Pascal Groß,Brighton,52,24,Pass,Pass,SecondHalf,51.3,4.5,46.7,27.4,Successful
Olivier Boscagli,Brighton,52,27,Long Pass,Pass,SecondHalf,47.4,31.3,71.1,82.8,Unsuccessful
Pedro Neto,Chelsea,52,30,Interception,Interception,SecondHalf,28.9,17.2,0.0,0.0,Successful
Maxim De Cuyper,Brighton,52,34,Throw In,Pass,SecondHalf,74.9,100.0,58.8,86.5,Successful
Ferdi Kadioglu,Brighton,52,36,Pass,Pass,SecondHalf,57.1,83.0,52.1,70.9,Successful
Lewis Dunk,Brighton,52,38,Pass,Pass,SecondHalf,51.1,68.1,56.6,88.9,Successful
Ferdi Kadioglu,Brighton,52,42,Pass,Pass,SecondHalf,56.4,83.5,52.9,66.0,Successful
Lewis Dunk,Brighton,52,43,Pass,Pass,SecondHalf,52.9,66.0,56.5,89.5,Successful
Ferdi Kadioglu,Brighton,52,45,Pass,Pass,SecondHalf,56.8,90.6,51.0,69.4,Successful
Lewis Dunk,Brighton,52,47,Pass,Pass,SecondHalf,51.0,67.2,46.4,46.6,Successful
Luka Vuskovic,Brighton,52,49,Pass,Pass,SecondHalf,46.4,42.5,58.5,14.3,Successful
Mats Wieffer,Brighton,52,52,Pass,Pass,SecondHalf,64.5,11.1,69.2,2.7,Successful
Pascal Groß,Brighton,52,55,Pass,Pass,SecondHalf,68.0,5.6,54.7,30.9,Successful
Luka Vuskovic,Brighton,52,58,Pass,Pass,SecondHalf,54.6,30.7,56.0,32.1,Successful
Olivier Boscagli,Brighton,52,59,Pass,Pass,SecondHalf,56.7,31.5,68.0,6.8,Successful
Pascal Groß,Brighton,53,2,Pass,Pass,SecondHalf,62.7,10.1,51.7,36.0,Successful
Luka Vuskovic,Brighton,53,6,Pass,Pass,SecondHalf,53.0,34.2,65.7,3.9,Successful
Pascal Groß,Brighton,53,10,Cross,Pass,SecondHalf,71.4,1.1,87.6,59.5,Unsuccessful
Pedro Neto,Chelsea,53,13,Clearance,Clearance,SecondHalf,12.4,42.3,13.8,52.3,Successful
Maxence Lacroix,Chelsea,53,15,Clearance,Clearance,SecondHalf,13.5,52.1,18.1,58.5,Successful
Diego Gómez,Brighton,53,17,Shot off Target,MissedShots,SecondHalf,84.2,45.6,0.0,0.0,Successful
Emiliano Martínez,Chelsea,53,44,Long Pass,Pass,SecondHalf,5.4,50.3,65.5,53.8,Unsuccessful
Luka Vuskovic,Brighton,53,47,Pass,Pass,SecondHalf,34.6,46.6,48.7,67.3,Successful
Maxim De Cuyper,Brighton,53,51,Ball Recovery,BallRecovery,SecondHalf,45.1,77.4,0.0,0.0,Successful
Maxim De Cuyper,Brighton,53,52,BallTouch,BallTouch,SecondHalf,44.9,72.2,0.0,0.0,Successful
Malick Yalcouyé,Brighton,53,55,Pass,Pass,SecondHalf,67.2,80.1,75.9,90.1,Successful
Charalampos Kostoulas,Brighton,54,1,Pass,Pass,SecondHalf,84.1,90.6,80.1,93.0,Successful
Olivier Boscagli,Brighton,54,4,Foul,Foul,SecondHalf,76.1,90.1,0.0,0.0,Successful
Pedro Neto,Chelsea,54,4,Foul,Foul,SecondHalf,23.9,9.9,0.0,0.0,Unsuccessful
Wesley Fofana,Chelsea,54,17,Card,Card,SecondHalf,0.0,0.0,0.0,0.0,Successful
Olivier Boscagli,Brighton,54,59,Key Pass,Pass,SecondHalf,78.2,90.6,94.3,40.3,Successful
Diego Gómez,Brighton,55,1,Shot off Target,MissedShots,SecondHalf,94.3,40.3,0.0,0.0,Successful
Emiliano Martínez,Chelsea,55,34,Long Pass,Pass,SecondHalf,5.4,45.2,65.8,25.2,Successful
Pedro Neto,Chelsea,55,38,Pass,Pass,SecondHalf,65.9,25.1,75.5,33.4,Unsuccessful
Lewis Dunk,Brighton,55,39,Pass,Pass,SecondHalf,24.5,66.6,8.2,62.8,Successful
Bart Verbruggen,Brighton,55,41,KeeperPickup,KeeperPickup,SecondHalf,7.4,61.9,0.0,0.0,Successful
Bart Verbruggen,Brighton,55,45,Pass,Pass,SecondHalf,7.4,55.6,12.4,28.2,Successful
Luka Vuskovic,Brighton,55,47,Pass,Pass,SecondHalf,12.3,31.8,12.7,64.2,Successful
Lewis Dunk,Brighton,55,48,Long Pass,Pass,SecondHalf,12.7,64.2,44.5,61.2,Unsuccessful
Malo Gusto,Chelsea,55,52,Ball Recovery,BallRecovery,SecondHalf,56.4,45.5,0.0,0.0,Successful
Malo Gusto,Chelsea,55,52,Pass,Pass,SecondHalf,56.3,45.5,73.3,47.7,Successful
João Pedro,Chelsea,55,54,Pass,Pass,SecondHalf,74.2,47.9,71.4,44.5,Successful
Cole Palmer,Chelsea,55,56,Pass,Pass,SecondHalf,80.5,49.5,81.9,51.7,Unsuccessful
Luka Vuskovic,Brighton,55,58,BallTouch,BallTouch,SecondHalf,14.9,46.5,0.0,0.0,Successful
Morgan Rogers,Chelsea,56,0,Key Pass,Pass,SecondHalf,93.1,66.7,89.1,63.2,Successful
Cole Palmer,Chelsea,56,1,Shot on Target,SavedShot,SecondHalf,89.1,63.2,0.0,0.0,Successful
Luka Vuskovic,Brighton,56,1,Save,Save,SecondHalf,7.0,40.2,0.0,0.0,Successful
Pascal Groß,Brighton,56,3,Clearance,Clearance,SecondHalf,14.8,49.9,31.6,77.9,Successful
Wesley Fofana,Chelsea,56,4,Pass,Pass,SecondHalf,70.1,24.4,78.2,20.9,Successful
Pedro Neto,Chelsea,56,6,Cross,Pass,SecondHalf,78.9,23.3,100.0,62.0,Unsuccessful
Bart Verbruggen,Brighton,56,25,Chipped Pass,Pass,SecondHalf,4.3,47.4,7.5,53.6,Successful
Olivier Boscagli,Brighton,56,27,Pass,Pass,SecondHalf,7.8,53.3,3.4,34.0,Successful
Bart Verbruggen,Brighton,56,29,Long Pass,Pass,SecondHalf,3.8,31.7,47.2,0.0,Unsuccessful
Levi Colwill,Chelsea,56,37,Throw In,Pass,SecondHalf,52.7,100.0,61.4,93.7,Successful
Jorrel Hato,Chelsea,56,39,BallTouch,BallTouch,SecondHalf,61.4,93.5,0.0,0.0,Unsuccessful
Pascal Groß,Brighton,56,41,Pass,Pass,SecondHalf,35.3,1.3,30.7,4.6,Successful
Mats Wieffer,Brighton,56,42,Ball Recovery,BallRecovery,SecondHalf,32.2,5.8,0.0,0.0,Successful
Mats Wieffer,Brighton,56,42,Pass,Pass,SecondHalf,34.0,9.9,36.3,23.5,Successful
Olivier Boscagli,Brighton,56,44,Long Pass,Pass,SecondHalf,38.6,25.2,85.3,35.6,Unsuccessful
Emiliano Martínez,Chelsea,56,51,KeeperPickup,KeeperPickup,SecondHalf,13.7,62.1,0.0,0.0,Successful
Emiliano Martínez,Chelsea,57,1,Key Pass,Pass,SecondHalf,15.7,52.1,77.2,3.3,Successful
Ferdi Kadioglu,Brighton,57,10,Error,Error,SecondHalf,22.6,96.1,0.0,0.0,Successful
Pedro Neto,Chelsea,57,12,Shot on Target,SavedShot,SecondHalf,97.4,35.2,0.0,0.0,Successful
Bart Verbruggen,Brighton,57,12,Save,Save,SecondHalf,0.7,53.9,0.0,0.0,Successful
Morgan Rogers,Chelsea,57,15,Key Pass,Pass,SecondHalf,98.0,29.8,95.7,46.8,Successful
Cole Palmer,Chelsea,57,16,Shot off Target,MissedShots,SecondHalf,95.7,46.8,0.0,0.0,Successful
Lewis Dunk,Brighton,58,53,Pass,Pass,SecondHalf,3.8,59.5,4.6,53.8,Successful
Bart Verbruggen,Brighton,58,53,Pass,Pass,SecondHalf,4.0,53.6,12.3,59.1,Successful
Lewis Dunk,Brighton,58,55,Pass,Pass,SecondHalf,12.5,61.5,31.8,84.4,Successful
Ferdi Kadioglu,Brighton,59,0,Pass,Pass,SecondHalf,41.0,81.2,36.8,65.0,Successful
Lewis Dunk,Brighton,59,2,Pass,Pass,SecondHalf,37.5,61.0,37.9,43.6,Successful
Olivier Boscagli,Brighton,59,5,Pass,Pass,SecondHalf,44.1,44.1,54.9,5.5,Successful
Mats Wieffer,Brighton,59,8,Pass,Pass,SecondHalf,60.4,4.5,48.9,39.3,Successful
Olivier Boscagli,Brighton,59,12,Pass,Pass,SecondHalf,52.6,43.5,54.8,66.7,Successful
Lewis Dunk,Brighton,59,13,Pass,Pass,SecondHalf,55.6,68.4,63.5,94.3,Successful
Maxim De Cuyper,Brighton,59,18,Pass,Pass,SecondHalf,66.2,88.9,57.6,72.0,Successful
Lewis Dunk,Brighton,59,20,Pass,Pass,SecondHalf,56.8,68.5,54.8,31.6,Successful
Luka Vuskovic,Brighton,59,23,Pass,Pass,SecondHalf,56.7,30.5,69.7,4.1,Successful
Diego Gómez,Brighton,59,25,Pass,Pass,SecondHalf,70.7,6.6,79.9,16.2,Unsuccessful
Levi Colwill,Chelsea,59,27,BallTouch,BallTouch,SecondHalf,21.4,84.0,0.0,0.0,Successful
Mats Wieffer,Brighton,59,31,Shot off Target,MissedShots,SecondHalf,85.6,34.2,0.0,0.0,Successful
Emiliano Martínez,Chelsea,60,8,Long Pass,Pass,SecondHalf,4.7,49.7,62.7,66.4,Unsuccessful
Luka Vuskovic,Brighton,60,11,Aerial Won,Aerial,SecondHalf,37.3,33.6,0.0,0.0,Successful
Morgan Rogers,Chelsea,60,11,Aerial Lost,Aerial,SecondHalf,62.7,66.4,0.0,0.0,Unsuccessful
Luka Vuskovic,Brighton,60,12,Pass,Pass,SecondHalf,37.3,33.6,42.9,20.7,Unsuccessful
Levi Colwill,Chelsea,60,13,Aerial Won,Aerial,SecondHalf,57.1,79.3,0.0,0.0,Successful
Diego Gómez,Brighton,60,13,Aerial Lost,Aerial,SecondHalf,42.9,20.7,0.0,0.0,Unsuccessful
Levi Colwill,Chelsea,60,14,Pass,Pass,SecondHalf,57.1,79.3,67.2,81.6,Unsuccessful
Mats Wieffer,Brighton,60,15,Pass,Pass,SecondHalf,35.3,18.0,55.1,9.2,Unsuccessful
Maxence Lacroix,Chelsea,60,17,Clearance,Clearance,SecondHalf,44.0,89.3,54.8,100.0,Successful
Mats Wieffer,Brighton,60,19,Throw In,Pass,SecondHalf,40.6,0.0,28.5,3.3,Successful
Luka Vuskovic,Brighton,60,24,Pass,Pass,SecondHalf,30.6,23.1,30.5,55.0,Successful
Lewis Dunk,Brighton,60,26,Pass,Pass,SecondHalf,29.9,55.0,30.8,72.6,Successful
Ferdi Kadioglu,Brighton,60,27,Pass,Pass,SecondHalf,31.5,74.0,38.0,63.4,Successful
Olivier Boscagli,Brighton,60,30,Pass,Pass,SecondHalf,40.6,69.1,57.1,73.8,Successful
Malick Yalcouyé,Brighton,60,31,Pass,Pass,SecondHalf,56.8,73.8,52.4,89.5,Successful
Olivier Boscagli,Brighton,60,34,Long Pass,Pass,SecondHalf,57.4,95.3,86.2,65.2,Unsuccessful
Emiliano Martínez,Chelsea,60,42,KeeperPickup,KeeperPickup,SecondHalf,13.0,40.6,0.0,0.0,Successful
Emiliano Martínez,Chelsea,60,49,Long Pass,Pass,SecondHalf,14.7,43.2,86.3,61.7,Unsuccessful
Bart Verbruggen,Brighton,60,53,KeeperPickup,KeeperPickup,SecondHalf,13.0,36.9,0.0,0.0,Successful
Bart Verbruggen,Brighton,60,58,Pass,Pass,SecondHalf,14.5,42.1,23.4,60.3,Successful
Lewis Dunk,Brighton,60,59,Pass,Pass,SecondHalf,23.1,61.3,36.6,67.5,Successful
Malick Yalcouyé,Brighton,61,1,Pass,Pass,SecondHalf,33.3,63.1,21.7,64.8,Successful
Lewis Dunk,Brighton,61,5,Pass,Pass,SecondHalf,32.9,67.3,28.4,83.7,Successful
Ferdi Kadioglu,Brighton,61,8,Long Pass,Pass,SecondHalf,28.0,80.8,21.8,33.6,Successful
Luka Vuskovic,Brighton,61,12,Pass,Pass,SecondHalf,22.5,32.5,24.0,39.0,Successful
Olivier Boscagli,Brighton,61,14,Pass,Pass,SecondHalf,24.0,40.6,24.8,28.2,Successful
Luka Vuskovic,Brighton,61,15,Pass,Pass,SecondHalf,24.8,28.2,25.3,42.1,Successful
Olivier Boscagli,Brighton,61,17,Pass,Pass,SecondHalf,27.4,50.7,33.6,78.7,Successful
Lewis Dunk,Brighton,61,21,Pass,Pass,SecondHalf,42.7,85.0,63.1,97.9,Successful
Maxim De Cuyper,Brighton,61,22,Pass,Pass,SecondHalf,63.1,97.9,48.3,90.6,Successful
Lewis Dunk,Brighton,61,25,Pass,Pass,SecondHalf,54.9,85.2,46.7,78.6,Successful
Olivier Boscagli,Brighton,61,28,Pass,Pass,SecondHalf,47.1,74.5,46.1,43.8,Successful
Luka Vuskovic,Brighton,61,31,Pass,Pass,SecondHalf,48.1,41.3,64.5,11.3,Successful
Mats Wieffer,Brighton,61,35,Pass,Pass,SecondHalf,68.8,12.1,64.5,23.7,Successful
Pascal Groß,Brighton,61,35,Pass,Pass,SecondHalf,65.1,24.2,66.8,15.2,Successful
Mats Wieffer,Brighton,61,36,Pass,Pass,SecondHalf,66.5,13.3,53.3,29.5,Successful
Luka Vuskovic,Brighton,61,40,Pass,Pass,SecondHalf,52.0,35.0,57.0,71.6,Successful
Ferdi Kadioglu,Brighton,61,43,Pass,Pass,SecondHalf,58.8,75.8,70.8,95.7,Successful
Maxim De Cuyper,Brighton,61,47,Cross,Pass,SecondHalf,74.5,95.1,81.2,36.2,Successful
Olivier Boscagli,Brighton,61,48,Pass,Pass,SecondHalf,80.9,37.4,82.1,51.3,Unsuccessful
Roméo Lavia,Chelsea,61,49,Clearance,Clearance,SecondHalf,18.2,46.4,14.4,54.6,Successful
Olivier Boscagli,Brighton,61,51,Aerial Won,Aerial,SecondHalf,85.6,45.4,0.0,0.0,Successful
Jorrel Hato,Chelsea,61,51,Aerial Lost,Aerial,SecondHalf,14.4,54.6,0.0,0.0,Unsuccessful
Olivier Boscagli,Brighton,61,52,BallTouch,BallTouch,SecondHalf,85.2,45.0,0.0,0.0,Successful
Pascal Groß,Brighton,61,53,Key Pass,Pass,SecondHalf,81.1,45.8,83.3,28.0,Successful
Diego Gómez,Brighton,61,54,Shot on Target,SavedShot,SecondHalf,85.8,30.5,0.0,0.0,Successful
Emiliano Martínez,Chelsea,61,54,Save,Save,SecondHalf,2.1,54.4,0.0,0.0,Successful
Emiliano Martínez,Chelsea,61,55,CornerAwarded,CornerAwarded,SecondHalf,1.8,55.0,0.0,0.0,Unsuccessful
Diego Gómez,Brighton,61,55,CornerAwarded,CornerAwarded,SecondHalf,98.2,45.0,0.0,0.0,Successful
Maxim De Cuyper,Brighton,62,31,Pass,Pass,SecondHalf,99.5,0.5,89.5,13.5,Successful
Pascal Groß,Brighton,62,32,Pass,Pass,SecondHalf,89.4,13.5,77.7,22.5,Successful
Maxim De Cuyper,Brighton,62,34,Pass,Pass,SecondHalf,77.7,22.5,73.3,34.2,Successful
Malick Yalcouyé,Brighton,62,36,Through Ball,Pass,SecondHalf,74.4,29.9,91.3,31.7,Successful
Pascal Groß,Brighton,62,37,Pass,Pass,SecondHalf,91.3,30.3,91.8,33.7,Unsuccessful
João Pedro,Chelsea,62,39,Goal,Goal,SecondHalf,8.9,65.0,0.0,0.0,Successful
Cole Palmer,Chelsea,63,16,Pass,Pass,SecondHalf,50.0,50.1,23.9,54.0,Successful
Emiliano Martínez,Chelsea,63,22,Long Pass,Pass,SecondHalf,24.2,55.4,74.1,84.2,Successful
Morgan Rogers,Chelsea,63,26,BallTouch,BallTouch,SecondHalf,73.9,84.7,0.0,0.0,Unsuccessful
Mats Wieffer,Brighton,63,26,BallTouch,BallTouch,SecondHalf,25.3,15.6,0.0,0.0,Successful
Luka Vuskovic,Brighton,63,26,Pass,Pass,SecondHalf,27.1,19.9,2.6,39.2,Successful
Bart Verbruggen,Brighton,63,30,Ball Recovery,BallRecovery,SecondHalf,3.0,41.1,0.0,0.0,Successful
Bart Verbruggen,Brighton,63,31,Pass,Pass,SecondHalf,3.1,39.9,10.7,68.5,Successful
Lewis Dunk,Brighton,63,33,Pass,Pass,SecondHalf,10.5,67.9,2.6,46.0,Successful
Bart Verbruggen,Brighton,63,36,Pass,Pass,SecondHalf,4.0,46.8,6.6,82.2,Successful
Lewis Dunk,Brighton,63,37,Pass,Pass,SecondHalf,8.5,83.4,14.9,95.1,Successful
Ferdi Kadioglu,Brighton,63,39,Pass,Pass,SecondHalf,14.9,95.1,23.5,71.2,Successful
Olivier Boscagli,Brighton,63,44,Long Pass,Pass,SecondHalf,26.8,67.1,46.0,27.6,Successful
Pascal Groß,Brighton,63,46,Pass,Pass,SecondHalf,51.0,24.6,57.4,15.6,Successful
Mats Wieffer,Brighton,63,47,Pass,Pass,SecondHalf,66.5,9.7,70.7,4.6,Successful
Diego Gómez,Brighton,63,51,Pass,Pass,SecondHalf,70.0,12.6,64.3,5.4,Successful
Pascal Groß,Brighton,63,55,Pass,Pass,SecondHalf,60.8,7.5,66.1,2.1,Successful
Mats Wieffer,Brighton,63,57,Pass,Pass,SecondHalf,61.4,4.5,52.8,8.1,Successful
Luka Vuskovic,Brighton,64,0,Pass,Pass,SecondHalf,52.8,10.9,47.5,53.7,Successful
Lewis Dunk,Brighton,64,3,Pass,Pass,SecondHalf,49.2,55.9,55.6,76.5,Successful
Ferdi Kadioglu,Brighton,64,6,Pass,Pass,SecondHalf,58.0,77.5,69.8,96.1,Successful
Maxim De Cuyper,Brighton,64,8,Cross,Pass,SecondHalf,76.4,96.1,90.9,49.9,Unsuccessful
Levi Colwill,Chelsea,64,11,Clearance,Clearance,SecondHalf,8.8,51.9,14.0,67.3,Successful
Diego Gómez,Brighton,64,13,Shot off Target,MissedShots,SecondHalf,86.1,31.5,0.0,0.0,Successful
Emiliano Martínez,Chelsea,64,41,Long Pass,Pass,SecondHalf,4.8,54.0,63.4,67.9,Unsuccessful
Luka Vuskovic,Brighton,64,45,Aerial Won,Aerial,SecondHalf,36.6,32.1,0.0,0.0,Successful
Morgan Rogers,Chelsea,64,45,Aerial Lost,Aerial,SecondHalf,63.4,67.9,0.0,0.0,Unsuccessful
Luka Vuskovic,Brighton,64,45,Pass,Pass,SecondHalf,36.6,32.1,41.0,23.5,Successful
Mats Wieffer,Brighton,64,47,Pass,Pass,SecondHalf,41.2,22.1,43.2,24.8,Successful
Lewis Dunk,Brighton,64,48,BallTouch,BallTouch,SecondHalf,41.2,25.3,0.0,0.0,Successful
João Pedro,Chelsea,64,48,BallTouch,BallTouch,SecondHalf,55.9,72.3,0.0,0.0,Successful
Mats Wieffer,Brighton,64,50,Ball Recovery,BallRecovery,SecondHalf,42.4,16.4,0.0,0.0,Successful
Mats Wieffer,Brighton,64,50,Pass,Pass,SecondHalf,42.6,15.8,52.8,0.0,Unsuccessful
Jorrel Hato,Chelsea,65,3,Throw In,Pass,SecondHalf,48.4,100.0,59.3,90.4,Successful
João Pedro,Chelsea,65,4,Pass,Pass,SecondHalf,60.0,85.6,65.9,91.1,Successful
Morgan Rogers,Chelsea,65,8,Unsuccessful Dribble,TakeOn,SecondHalf,63.8,85.0,0.0,0.0,Unsuccessful
Lewis Dunk,Brighton,65,8,Successful Tackle,Tackle,SecondHalf,36.2,15.0,0.0,0.0,Successful
Malick Yalcouyé,Brighton,65,9,Ball Recovery,BallRecovery,SecondHalf,35.0,29.3,0.0,0.0,Successful
Malick Yalcouyé,Brighton,65,10,Pass,Pass,SecondHalf,35.3,33.1,40.2,48.5,Successful
Maxim De Cuyper,Brighton,65,13,Pass,Pass,SecondHalf,44.3,67.7,56.6,25.0,Unsuccessful
Jorrel Hato,Chelsea,65,18,Pass,Pass,SecondHalf,38.9,70.5,40.7,69.6,Unsuccessful
Pascal Groß,Brighton,65,18,BlockedPass,BlockedPass,SecondHalf,59.3,30.4,0.0,0.0,Successful
Mats Wieffer,Brighton,65,22,Pass,Pass,SecondHalf,39.9,2.1,15.7,24.1,Successful
Bart Verbruggen,Brighton,65,27,Pass,Pass,SecondHalf,19.1,29.1,30.8,38.5,Successful
Olivier Boscagli,Brighton,65,34,Pass,Pass,SecondHalf,30.8,33.4,33.8,17.8,Successful
Luka Vuskovic,Brighton,65,37,Pass,Pass,SecondHalf,54.2,21.0,60.5,35.7,Successful
Charalampos Kostoulas,Brighton,65,40,Pass,Pass,SecondHalf,55.3,26.4,49.1,17.6,Successful
Luka Vuskovic,Brighton,65,41,Pass,Pass,SecondHalf,48.1,17.0,53.0,2.5,Successful
Mats Wieffer,Brighton,65,44,Pass,Pass,SecondHalf,47.0,3.6,29.2,37.3,Successful
Bart Verbruggen,Brighton,65,47,Pass,Pass,SecondHalf,29.2,37.3,36.4,66.4,Successful
Lewis Dunk,Brighton,65,49,Pass,Pass,SecondHalf,40.6,73.5,64.7,92.7,Successful
Maxim De Cuyper,Brighton,65,52,Pass,Pass,SecondHalf,69.0,82.0,66.9,66.0,Successful
Ferdi Kadioglu,Brighton,65,53,Pass,Pass,SecondHalf,66.9,66.0,77.0,87.3,Successful
Malick Yalcouyé,Brighton,65,59,Unsuccessful Dribble,TakeOn,SecondHalf,83.6,85.6,0.0,0.0,Unsuccessful
Malo Gusto,Chelsea,65,59,Successful Tackle,Tackle,SecondHalf,16.3,14.4,0.0,0.0,Successful
Pedro Neto,Chelsea,66,0,BallTouch,BallTouch,SecondHalf,23.6,17.6,0.0,0.0,Successful
Malo Gusto,Chelsea,66,1,Ball Recovery,BallRecovery,SecondHalf,18.8,12.3,0.0,0.0,Successful
Malo Gusto,Chelsea,66,1,Pass,Pass,SecondHalf,22.2,10.5,29.2,20.3,Successful
Cole Palmer,Chelsea,66,2,Pass,Pass,SecondHalf,30.8,17.6,25.6,6.0,Successful
Malick Yalcouyé,Brighton,66,5,Challenge,Challenge,SecondHalf,71.6,93.7,0.0,0.0,Unsuccessful
Pedro Neto,Chelsea,66,5,Successful Dribble,TakeOn,SecondHalf,28.4,6.3,0.0,0.0,Successful
Pedro Neto,Chelsea,66,7,Pass,Pass,SecondHalf,37.3,6.5,54.5,4.1,Successful
Malo Gusto,Chelsea,66,12,Chipped Pass,Pass,SecondHalf,54.1,4.9,53.7,10.3,Unsuccessful
Lewis Dunk,Brighton,66,12,BlockedPass,BlockedPass,SecondHalf,46.3,89.7,0.0,0.0,Successful
Ferdi Kadioglu,Brighton,66,14,Ball Recovery,BallRecovery,SecondHalf,39.5,86.8,0.0,0.0,Successful
Ferdi Kadioglu,Brighton,66,14,Pass,Pass,SecondHalf,39.5,86.8,63.8,83.7,Successful
Maxim De Cuyper,Brighton,66,15,Pass,Pass,SecondHalf,60.8,82.8,52.4,76.3,Successful
Pascal Groß,Brighton,66,17,Pass,Pass,SecondHalf,59.1,76.5,46.4,66.9,Successful
Olivier Boscagli,Brighton,66,21,Pass,Pass,SecondHalf,53.3,55.4,65.2,40.1,Successful
Diego Gómez,Brighton,66,23,Pass,Pass,SecondHalf,66.0,41.1,70.7,52.1,Successful
Charalampos Kostoulas,Brighton,66,25,Pass,Pass,SecondHalf,68.8,45.2,65.2,22.5,Successful
Mats Wieffer,Brighton,66,28,Cross,Pass,SecondHalf,66.5,21.1,84.3,54.0,Unsuccessful
Wesley Fofana,Chelsea,66,29,Clearance,Clearance,SecondHalf,15.1,46.6,27.1,38.3,Successful
Malo Gusto,Chelsea,66,31,Clearance,Clearance,SecondHalf,26.4,39.1,53.6,29.5,Successful
João Pedro,Chelsea,66,37,Long Pass,Pass,SecondHalf,54.0,30.1,88.5,6.6,Unsuccessful
Bart Verbruggen,Brighton,66,44,Pass,Pass,SecondHalf,12.7,77.9,27.2,50.9,Successful
Luka Vuskovic,Brighton,66,45,Pass,Pass,SecondHalf,27.1,51.3,26.6,64.4,Successful
Lewis Dunk,Brighton,66,46,Pass,Pass,SecondHalf,27.6,61.3,36.0,43.2,Successful
Olivier Boscagli,Brighton,66,49,Pass,Pass,SecondHalf,36.0,45.2,43.9,73.2,Successful
Ferdi Kadioglu,Brighton,66,53,Pass,Pass,SecondHalf,55.4,78.4,69.7,96.6,Successful
Maxim De Cuyper,Brighton,66,54,Pass,Pass,SecondHalf,69.7,96.6,62.3,83.7,Successful
Ferdi Kadioglu,Brighton,66,56,Pass,Pass,SecondHalf,62.3,83.5,71.2,95.4,Successful
Maxim De Cuyper,Brighton,66,58,Pass,Pass,SecondHalf,71.2,95.4,89.7,87.3,Successful
Malo Gusto,Chelsea,67,2,Challenge,Challenge,SecondHalf,9.3,14.8,0.0,0.0,Unsuccessful
Malick Yalcouyé,Brighton,67,2,Successful Dribble,TakeOn,SecondHalf,90.7,85.2,0.0,0.0,Successful
Malick Yalcouyé,Brighton,67,4,BallTouch,BallTouch,SecondHalf,98.1,75.1,0.0,0.0,Unsuccessful
Roméo Lavia,Chelsea,67,28,Substitution Off,SubstitutionOff,SecondHalf,0.0,0.0,0.0,0.0,Successful
Reece James,Chelsea,67,28,Substitution On,SubstitutionOn,SecondHalf,0.0,0.0,0.0,0.0,Successful
Wesley Fofana,Chelsea,67,33,Substitution Off,SubstitutionOff,SecondHalf,0.0,0.0,0.0,0.0,Successful
Josh Acheampong,Chelsea,67,33,Substitution On,SubstitutionOn,SecondHalf,0.0,0.0,0.0,0.0,Successful
Pedro Neto,Chelsea,67,46,Substitution Off,SubstitutionOff,SecondHalf,0.0,0.0,0.0,0.0,Successful
Moisés Caicedo,Chelsea,67,46,Substitution On,SubstitutionOn,SecondHalf,0.0,0.0,0.0,0.0,Successful
,Chelsea,67,47,FormationChange,FormationChange,SecondHalf,0.0,0.0,0.0,0.0,Successful
Emiliano Martínez,Chelsea,68,3,Pass,Pass,SecondHalf,4.6,46.6,9.0,35.8,Successful
Maxence Lacroix,Chelsea,68,8,Pass,Pass,SecondHalf,18.7,31.7,22.1,11.5,Successful
Josh Acheampong,Chelsea,68,9,Pass,Pass,SecondHalf,22.1,11.5,32.7,3.6,Successful
Malo Gusto,Chelsea,68,11,Pass,Pass,SecondHalf,31.3,3.3,27.8,16.8,Successful
Reece James,Chelsea,68,13,Pass,Pass,SecondHalf,27.6,15.8,21.8,6.4,Successful
Josh Acheampong,Chelsea,68,15,Chipped Pass,Pass,SecondHalf,23.3,7.6,25.6,7.6,Unsuccessful
Maxim De Cuyper,Brighton,68,15,BallTouch,BallTouch,SecondHalf,75.9,92.1,0.0,0.0,Successful
João Pedro,Chelsea,68,18,Pass,Pass,SecondHalf,44.4,22.1,53.8,29.7,Unsuccessful
Luka Vuskovic,Brighton,68,23,Long Pass,Pass,SecondHalf,45.0,85.7,77.9,91.0,Successful
Charalampos Kostoulas,Brighton,68,26,Successful Dribble,TakeOn,SecondHalf,78.1,91.9,0.0,0.0,Successful
Josh Acheampong,Chelsea,68,26,Challenge,Challenge,SecondHalf,21.9,8.1,0.0,0.0,Unsuccessful
Charalampos Kostoulas,Brighton,68,27,Ball Recovery,BallRecovery,SecondHalf,76.1,93.6,0.0,0.0,Successful
Charalampos Kostoulas,Brighton,68,28,Pass,Pass,SecondHalf,76.0,93.6,65.4,87.4,Successful
Ferdi Kadioglu,Brighton,68,29,Pass,Pass,SecondHalf,65.4,87.4,69.1,78.3,Successful
Charalampos Kostoulas,Brighton,68,33,Pass,Pass,SecondHalf,71.2,78.5,75.6,88.5,Successful
Malick Yalcouyé,Brighton,68,34,Pass,Pass,SecondHalf,80.1,86.2,90.5,81.9,Unsuccessful
Maxence Lacroix,Chelsea,68,37,BallTouch,BallTouch,SecondHalf,8.6,17.4,0.0,0.0,Unsuccessful
Malick Yalcouyé,Brighton,68,39,Cross,Pass,SecondHalf,96.3,81.6,95.0,52.3,Unsuccessful
Levi Colwill,Chelsea,68,40,Clearance,Clearance,SecondHalf,4.7,46.6,14.5,7.6,Successful
Malo Gusto,Chelsea,68,44,Successful Dribble,TakeOn,SecondHalf,13.7,9.1,0.0,0.0,Successful
Charalampos Kostoulas,Brighton,68,44,Challenge,Challenge,SecondHalf,86.3,90.9,0.0,0.0,Unsuccessful
Malo Gusto,Chelsea,68,45,Pass,Pass,SecondHalf,15.0,11.5,24.8,15.8,Unsuccessful
Ferdi Kadioglu,Brighton,68,46,Pass,Pass,SecondHalf,75.5,82.2,77.8,87.5,Successful
Malick Yalcouyé,Brighton,68,49,Cross,Pass,SecondHalf,78.4,86.7,86.6,60.5,Unsuccessful
Maxence Lacroix,Chelsea,68,51,Clearance,Clearance,SecondHalf,13.1,42.1,26.6,66.9,Successful
Mats Wieffer,Brighton,68,54,Pass,Pass,SecondHalf,76.1,28.5,86.6,28.0,Successful
Pascal Groß,Brighton,68,55,Pass,Pass,SecondHalf,88.4,28.0,90.0,32.2,Unsuccessful
Levi Colwill,Chelsea,68,56,BallTouch,BallTouch,SecondHalf,10.2,66.2,0.0,0.0,Successful
Olivier Boscagli,Brighton,68,58,Shot on Target,SavedShot,SecondHalf,82.2,39.9,0.0,0.0,Successful
Emiliano Martínez,Chelsea,68,58,Save,Save,SecondHalf,1.7,52.4,0.0,0.0,Successful
Diego Gómez,Brighton,69,3,Pass,Pass,SecondHalf,96.9,8.8,86.9,10.0,Successful
Pascal Groß,Brighton,69,5,Pass,Pass,SecondHalf,84.9,12.3,75.1,26.4,Successful
Olivier Boscagli,Brighton,69,7,Chipped Pass,Pass,SecondHalf,74.6,25.6,88.0,24.6,Successful
Pascal Groß,Brighton,69,10,Cross,Pass,SecondHalf,93.5,26.6,90.6,51.1,Unsuccessful
Reece James,Chelsea,69,13,BallTouch,BallTouch,SecondHalf,9.5,48.5,0.0,0.0,Successful
Malo Gusto,Chelsea,69,14,Clearance,Clearance,SecondHalf,4.8,27.8,67.1,15.4,Successful
João Pedro,Chelsea,69,21,Foul,Foul,SecondHalf,67.1,16.9,0.0,0.0,Successful
Lewis Dunk,Brighton,69,21,Foul,Foul,SecondHalf,32.9,83.1,0.0,0.0,Unsuccessful
Lewis Dunk,Brighton,69,23,Card,Card,SecondHalf,0.0,0.0,0.0,0.0,Successful
Cole Palmer,Chelsea,70,14,Key Pass,Pass,SecondHalf,69.2,15.4,88.1,56.2,Successful
Maxence Lacroix,Chelsea,70,15,Aerial Won,Aerial,SecondHalf,88.1,56.2,0.0,0.0,Successful
Mats Wieffer,Brighton,70,15,Aerial Lost,Aerial,SecondHalf,11.9,43.8,0.0,0.0,Unsuccessful
Maxence Lacroix,Chelsea,70,16,Shot off Target,MissedShots,SecondHalf,88.1,56.2,0.0,0.0,Successful
Bart Verbruggen,Brighton,70,24,Pass,Pass,SecondHalf,3.6,58.7,6.7,66.0,Successful
Lewis Dunk,Brighton,70,28,Pass,Pass,SecondHalf,9.8,63.7,15.7,29.1,Successful
Luka Vuskovic,Brighton,70,31,Pass,Pass,SecondHalf,15.7,26.8,26.5,13.5,Successful
Mats Wieffer,Brighton,70,32,Pass,Pass,SecondHalf,25.8,14.1,43.0,32.5,Unsuccessful
Moisés Caicedo,Chelsea,70,35,Pass,Pass,SecondHalf,59.0,68.7,58.4,56.4,Successful
Reece James,Chelsea,70,37,Ball Recovery,BallRecovery,SecondHalf,62.0,52.9,0.0,0.0,Successful
Reece James,Chelsea,70,40,Pass,Pass,SecondHalf,73.8,33.5,78.6,16.0,Successful
Malo Gusto,Chelsea,70,42,Pass,Pass,SecondHalf,78.6,19.2,99.4,27.1,Successful
Reece James,Chelsea,70,45,Pass,Pass,SecondHalf,99.4,27.1,100.0,40.4,Unsuccessful
Levi Colwill,Chelsea,71,3,Substitution Off,SubstitutionOff,SecondHalf,0.0,0.0,0.0,0.0,Successful
Pep Chavarría,Chelsea,71,3,Substitution On,SubstitutionOn,SecondHalf,0.0,0.0,0.0,0.0,Successful
,Chelsea,71,5,FormationChange,FormationChange,SecondHalf,0.0,0.0,0.0,0.0,Successful
Bart Verbruggen,Brighton,71,21,Pass,Pass,SecondHalf,4.4,50.1,8.4,53.6,Successful
Olivier Boscagli,Brighton,71,22,Pass,Pass,SecondHalf,7.3,55.0,3.0,41.3,Successful
Bart Verbruggen,Brighton,71,24,Pass,Pass,SecondHalf,3.4,38.3,19.4,34.6,Successful
Mats Wieffer,Brighton,71,25,BallTouch,BallTouch,SecondHalf,18.1,34.4,0.0,0.0,Unsuccessful
Mats Wieffer,Brighton,71,26,Error,Error,SecondHalf,19.5,45.4,0.0,0.0,Successful
Pep Chavarría,Chelsea,71,27,Pass,Pass,SecondHalf,81.6,57.7,80.5,49.7,Successful
Cole Palmer,Chelsea,71,28,Ball Recovery,BallRecovery,SecondHalf,84.9,51.8,0.0,0.0,Successful
Cole Palmer,Chelsea,71,31,Key Pass,Pass,SecondHalf,90.0,55.8,89.8,64.6,Successful
Morgan Rogers,Chelsea,71,32,Shot on Target,SavedShot,SecondHalf,89.8,64.6,0.0,0.0,Successful
Mats Wieffer,Brighton,71,32,Save,Save,SecondHalf,8.0,40.5,0.0,0.0,Successful
Morgan Rogers,Chelsea,71,33,CornerAwarded,CornerAwarded,SecondHalf,91.4,60.8,0.0,0.0,Successful
Mats Wieffer,Brighton,71,33,CornerAwarded,CornerAwarded,SecondHalf,8.6,39.2,0.0,0.0,Unsuccessful
Reece James,Chelsea,72,35,Cross,Pass,SecondHalf,99.5,99.5,95.9,54.2,Unsuccessful
Luka Vuskovic,Brighton,72,36,Clearance,Clearance,SecondHalf,4.3,47.2,5.0,44.2,Successful
Maxence Lacroix,Chelsea,72,36,BallTouch,BallTouch,SecondHalf,95.9,55.0,0.0,0.0,Successful
Bart Verbruggen,Brighton,72,46,Pass,Pass,SecondHalf,4.0,41.5,16.4,20.1,Successful
Luka Vuskovic,Brighton,72,51,Pass,Pass,SecondHalf,27.2,16.8,37.5,3.1,Successful
Diego Gómez,Brighton,72,53,Unsuccessful Dribble,TakeOn,SecondHalf,37.5,3.9,0.0,0.0,Unsuccessful
Pep Chavarría,Chelsea,72,53,Successful Tackle,Tackle,SecondHalf,62.5,96.1,0.0,0.0,Successful
Malick Yalcouyé,Brighton,73,10,Substitution Off,SubstitutionOff,SecondHalf,0.0,0.0,0.0,0.0,Successful
Ibrahim Osman,Brighton,73,10,Substitution On,SubstitutionOn,SecondHalf,0.0,0.0,0.0,0.0,Successful
,Brighton,73,11,FormationChange,FormationChange,SecondHalf,0.0,0.0,0.0,0.0,Successful
Mats Wieffer,Brighton,73,18,Throw In,Pass,SecondHalf,42.4,0.0,30.9,17.2,Successful
Luka Vuskovic,Brighton,73,21,Pass,Pass,SecondHalf,27.8,28.2,27.2,66.4,Successful
Lewis Dunk,Brighton,73,23,Pass,Pass,SecondHalf,24.1,67.1,31.2,88.7,Successful
Maxim De Cuyper,Brighton,73,26,Pass,Pass,SecondHalf,35.2,87.7,46.9,95.9,Successful
Ibrahim Osman,Brighton,73,27,Pass,Pass,SecondHalf,46.4,96.1,39.2,75.2,Successful
Olivier Boscagli,Brighton,73,28,Pass,Pass,SecondHalf,40.5,77.1,56.0,100.0,Unsuccessful
Malo Gusto,Chelsea,73,38,Throw In,Pass,SecondHalf,53.8,0.0,65.2,17.2,Successful
João Pedro,Chelsea,73,40,Key Pass,Pass,SecondHalf,65.8,17.6,63.1,25.6,Successful
Cole Palmer,Chelsea,73,46,Goal,Goal,SecondHalf,79.4,51.7,0.0,0.0,Successful
Pascal Groß,Brighton,74,47,Pass,Pass,SecondHalf,50.0,49.5,37.2,51.1,Successful
Olivier Boscagli,Brighton,74,49,Pass,Pass,SecondHalf,36.9,53.9,36.5,73.8,Successful
Maxim De Cuyper,Brighton,74,50,Pass,Pass,SecondHalf,36.3,71.2,44.8,69.4,Successful
Diego Gómez,Brighton,74,52,Pass,Pass,SecondHalf,46.4,69.7,37.0,82.6,Successful
Maxim De Cuyper,Brighton,74,53,Long Pass,Pass,SecondHalf,39.6,96.9,69.5,100.0,Unsuccessful
Malo Gusto,Chelsea,75,11,Long Pass,Pass,SecondHalf,43.0,0.0,63.8,6.6,Unsuccessful
Maxim De Cuyper,Brighton,75,15,BallTouch,BallTouch,SecondHalf,33.7,89.2,0.0,0.0,Successful
Luka Vuskovic,Brighton,75,16,Ball Recovery,BallRecovery,SecondHalf,20.8,73.3,0.0,0.0,Successful
Luka Vuskovic,Brighton,75,16,Pass,Pass,SecondHalf,22.1,75.0,10.7,41.9,Successful
Bart Verbruggen,Brighton,75,18,Pass,Pass,SecondHalf,9.5,41.9,29.8,25.2,Successful
Mats Wieffer,Brighton,75,22,Pass,Pass,SecondHalf,30.6,23.5,32.0,32.1,Successful
Pascal Groß,Brighton,75,24,Pass,Pass,SecondHalf,32.0,30.1,11.0,40.7,Successful
Bart Verbruggen,Brighton,75,25,Pass,Pass,SecondHalf,10.7,39.3,20.4,16.5,Successful
Pascal Groß,Brighton,75,27,Pass,Pass,SecondHalf,21.0,15.1,28.2,4.5,Successful
Mats Wieffer,Brighton,75,31,Pass,Pass,SecondHalf,14.4,3.1,6.8,17.5,Successful
Bart Verbruggen,Brighton,75,33,Long Pass,Pass,SecondHalf,6.8,17.5,54.1,33.6,Unsuccessful
Maxence Lacroix,Chelsea,75,35,Aerial Won,Aerial,SecondHalf,45.9,66.4,0.0,0.0,Successful
Charalampos Kostoulas,Brighton,75,35,Aerial Lost,Aerial,SecondHalf,54.1,33.6,0.0,0.0,Unsuccessful
Maxence Lacroix,Chelsea,75,37,Pass,Pass,SecondHalf,45.9,66.4,59.6,59.6,Successful
Reece James,Chelsea,75,38,Pass,Pass,SecondHalf,56.4,62.6,68.1,53.2,Unsuccessful
Lewis Dunk,Brighton,75,39,Pass,Pass,SecondHalf,33.6,47.0,35.6,71.6,Successful
Maxim De Cuyper,Brighton,75,41,Pass,Pass,SecondHalf,36.9,76.3,55.1,96.3,Successful
Malo Gusto,Chelsea,75,46,Challenge,Challenge,SecondHalf,29.7,6.2,0.0,0.0,Unsuccessful
Ibrahim Osman,Brighton,75,46,Successful Dribble,TakeOn,SecondHalf,70.3,93.8,0.0,0.0,Successful
Ibrahim Osman,Brighton,75,49,Cross,Pass,SecondHalf,90.3,83.4,90.4,79.5,Unsuccessful
Josh Acheampong,Chelsea,75,49,Clearance,Clearance,SecondHalf,9.6,20.5,0.0,0.0,Successful
Josh Acheampong,Chelsea,75,50,CornerAwarded,CornerAwarded,SecondHalf,9.8,19.6,0.0,0.0,Unsuccessful
Ibrahim Osman,Brighton,75,50,CornerAwarded,CornerAwarded,SecondHalf,90.2,80.4,0.0,0.0,Successful
Pascal Groß,Brighton,76,27,Cross,Pass,SecondHalf,99.5,99.5,96.0,29.5,Unsuccessful
Morgan Rogers,Chelsea,76,31,Aerial Won,Aerial,SecondHalf,4.0,70.5,0.0,0.0,Successful
Diego Gómez,Brighton,76,31,Aerial Lost,Aerial,SecondHalf,96.0,29.5,0.0,0.0,Unsuccessful
Morgan Rogers,Chelsea,76,33,Clearance,Clearance,SecondHalf,4.0,70.5,14.0,66.7,Successful
Ferdi Kadioglu,Brighton,76,34,Shot off Target,MissedShots,SecondHalf,86.7,35.2,0.0,0.0,Successful
Emiliano Martínez,Chelsea,76,59,Long Pass,Pass,SecondHalf,4.9,39.2,67.2,31.5,Successful
João Pedro,Chelsea,77,7,Pass,Pass,SecondHalf,68.8,27.8,59.3,20.7,Successful
Josh Acheampong,Chelsea,77,8,Pass,Pass,SecondHalf,60.0,18.6,59.3,32.3,Successful
Reece James,Chelsea,77,10,Pass,Pass,SecondHalf,57.8,30.5,52.6,23.9,Successful
Josh Acheampong,Chelsea,77,12,Pass,Pass,SecondHalf,45.6,24.6,30.5,43.2,Successful
Maxence Lacroix,Chelsea,77,15,Pass,Pass,SecondHalf,31.7,45.1,28.3,71.4,Successful
Jorrel Hato,Chelsea,77,17,Pass,Pass,SecondHalf,26.8,71.7,30.5,93.7,Successful
Moisés Caicedo,Chelsea,77,20,Pass,Pass,SecondHalf,30.4,94.4,36.5,96.8,Successful
Pep Chavarría,Chelsea,77,22,Pass,Pass,SecondHalf,36.5,97.9,33.8,84.0,Successful
Cole Palmer,Chelsea,77,23,Pass,Pass,SecondHalf,33.0,87.5,30.6,94.4,Unsuccessful
Pascal Groß,Brighton,77,25,Pass,Pass,SecondHalf,70.9,5.2,71.8,30.5,Successful
Charalampos Kostoulas,Brighton,77,26,Ball Recovery,BallRecovery,SecondHalf,72.4,28.9,0.0,0.0,Successful
Charalampos Kostoulas,Brighton,77,27,Pass,Pass,SecondHalf,69.8,30.3,59.7,27.2,Successful
Luka Vuskovic,Brighton,77,30,Pass,Pass,SecondHalf,60.1,27.4,66.7,7.2,Successful
Mats Wieffer,Brighton,77,31,Pass,Pass,SecondHalf,65.1,8.2,70.6,3.6,Successful
Pascal Groß,Brighton,77,34,Pass,Pass,SecondHalf,66.9,5.2,59.9,21.1,Successful
Olivier Boscagli,Brighton,77,36,Pass,Pass,SecondHalf,62.8,28.0,68.8,56.4,Successful
Diego Gómez,Brighton,77,38,Pass,Pass,SecondHalf,69.4,61.3,70.7,72.4,Successful
Maxim De Cuyper,Brighton,77,40,Pass,Pass,SecondHalf,76.8,71.8,86.2,48.1,Unsuccessful
Maxence Lacroix,Chelsea,77,42,Clearance,Clearance,SecondHalf,12.8,52.6,25.1,53.6,Successful
Mats Wieffer,Brighton,77,43,Pass,Pass,SecondHalf,76.1,46.0,85.0,29.9,Successful
Ferdi Kadioglu,Brighton,77,44,Long Pass,Pass,SecondHalf,85.0,29.3,55.8,8.2,Successful
Mats Wieffer,Brighton,77,51,Pass,Pass,SecondHalf,56.9,7.5,54.1,25.0,Successful
Luka Vuskovic,Brighton,77,53,Pass,Pass,SecondHalf,52.7,28.9,67.1,6.0,Successful
Pascal Groß,Brighton,77,56,Pass,Pass,SecondHalf,62.9,5.8,57.9,6.1,Successful
Mats Wieffer,Brighton,77,57,Pass,Pass,SecondHalf,57.9,6.1,65.9,2.8,Successful
Ferdi Kadioglu,Brighton,77,59,Pass,Pass,SecondHalf,65.9,2.7,77.2,7.3,Unsuccessful
Jorrel Hato,Chelsea,78,2,Ball Recovery,BallRecovery,SecondHalf,19.9,90.2,0.0,0.0,Successful
Jorrel Hato,Chelsea,78,2,Pass,Pass,SecondHalf,19.9,90.2,1.8,68.0,Successful
Emiliano Martínez,Chelsea,78,3,Long Pass,Pass,SecondHalf,1.6,65.8,57.4,88.9,Unsuccessful
Luka Vuskovic,Brighton,78,10,Loss of Possession,Dispossessed,SecondHalf,39.7,17.4,0.0,0.0,Successful
Cole Palmer,Chelsea,78,10,Was Dribbled,Tackle,SecondHalf,60.3,82.6,0.0,0.0,Unsuccessful
Luka Vuskovic,Brighton,78,13,Ball Recovery,BallRecovery,SecondHalf,35.6,26.8,0.0,0.0,Successful
Luka Vuskovic,Brighton,78,13,Pass,Pass,SecondHalf,34.8,36.2,30.9,76.5,Successful
Maxim De Cuyper,Brighton,78,17,Pass,Pass,SecondHalf,38.9,84.0,68.4,75.6,Successful
Charalampos Kostoulas,Brighton,78,19,Pass,Pass,SecondHalf,68.9,76.5,72.2,91.2,Successful
Ibrahim Osman,Brighton,78,23,Pass,Pass,SecondHalf,77.7,82.9,79.1,80.2,Unsuccessful
Maxence Lacroix,Chelsea,78,23,BlockedPass,BlockedPass,SecondHalf,20.9,19.8,0.0,0.0,Successful
Maxence Lacroix,Chelsea,78,25,BallTouch,BallTouch,SecondHalf,25.8,21.3,0.0,0.0,Successful
Josh Acheampong,Chelsea,78,29,Unsuccessful Dribble,TakeOn,SecondHalf,24.6,6.4,0.0,0.0,Unsuccessful
Ibrahim Osman,Brighton,78,29,Successful Tackle,Tackle,SecondHalf,75.4,93.6,0.0,0.0,Successful
Malo Gusto,Chelsea,78,36,Throw In,Pass,SecondHalf,25.6,0.0,34.3,9.2,Unsuccessful
Maxim De Cuyper,Brighton,78,37,Interception,Interception,SecondHalf,65.7,90.8,0.0,0.0,Successful
Pascal Groß,Brighton,78,38,Ball Recovery,BallRecovery,SecondHalf,64.1,55.8,0.0,0.0,Successful
Pascal Groß,Brighton,78,44,Pass,Pass,SecondHalf,68.4,28.0,67.8,39.1,Successful
Olivier Boscagli,Brighton,78,46,Pass,Pass,SecondHalf,68.8,34.4,73.4,5.4,Successful
Ferdi Kadioglu,Brighton,78,50,Pass,Pass,SecondHalf,76.4,7.6,69.4,11.7,Successful
Olivier Boscagli,Brighton,78,54,Through Ball,Pass,SecondHalf,78.2,26.6,100.0,66.9,Unsuccessful
Charalampos Kostoulas,Brighton,79,38,Substitution Off,SubstitutionOff,SecondHalf,0.0,0.0,0.0,0.0,Successful
Promise David,Brighton,79,38,Substitution On,SubstitutionOn,SecondHalf,0.0,0.0,0.0,0.0,Successful
Mats Wieffer,Brighton,79,45,Substitution Off,SubstitutionOff,SecondHalf,0.0,0.0,0.0,0.0,Successful
Costinha,Brighton,79,45,Substitution On,SubstitutionOn,SecondHalf,0.0,0.0,0.0,0.0,Successful
Moisés Caicedo,Chelsea,81,2,Substitution Off,SubstitutionOff,SecondHalf,0.0,0.0,0.0,0.0,Successful
Valentín Barco,Chelsea,81,2,Substitution On,SubstitutionOn,SecondHalf,0.0,0.0,0.0,0.0,Successful
Emiliano Martínez,Chelsea,81,20,Long Pass,Pass,SecondHalf,4.3,60.3,52.8,64.2,Unsuccessful
Diego Gómez,Brighton,81,24,Interception,Interception,SecondHalf,47.2,35.8,0.0,0.0,Successful
Jorrel Hato,Chelsea,81,25,Long Pass,Pass,SecondHalf,46.7,70.7,65.8,52.3,Unsuccessful
Lewis Dunk,Brighton,81,26,Ball Recovery,BallRecovery,SecondHalf,35.2,48.9,0.0,0.0,Successful
Lewis Dunk,Brighton,81,26,Pass,Pass,SecondHalf,32.9,51.3,36.3,70.1,Successful
Maxim De Cuyper,Brighton,81,35,Long Pass,Pass,SecondHalf,68.5,84.6,87.8,16.2,Successful
Ferdi Kadioglu,Brighton,81,37,Pass,Pass,SecondHalf,89.0,18.6,93.7,51.1,Unsuccessful
Emiliano Martínez,Chelsea,81,40,KeeperPickup,KeeperPickup,SecondHalf,6.8,51.1,0.0,0.0,Successful
Emiliano Martínez,Chelsea,81,52,Long Pass,Pass,SecondHalf,16.1,51.9,66.4,100.0,Unsuccessful
Costinha,Brighton,82,0,Long Pass,Pass,SecondHalf,34.5,0.0,31.1,40.5,Successful
Lewis Dunk,Brighton,82,4,Pass,Pass,SecondHalf,29.8,41.9,32.5,66.7,Successful
Maxim De Cuyper,Brighton,82,5,Pass,Pass,SecondHalf,33.6,64.6,29.8,58.1,Successful
Lewis Dunk,Brighton,82,8,Pass,Pass,SecondHalf,28.9,58.7,42.3,88.1,Successful
Ibrahim Osman,Brighton,82,11,Pass,Pass,SecondHalf,43.6,88.7,39.7,66.9,Successful
Maxim De Cuyper,Brighton,82,14,Loss of Possession,Dispossessed,SecondHalf,40.2,65.8,0.0,0.0,Successful
Cole Palmer,Chelsea,82,14,Was Dribbled,Tackle,SecondHalf,59.8,34.2,0.0,0.0,Unsuccessful
Maxim De Cuyper,Brighton,82,16,BallTouch,BallTouch,SecondHalf,39.4,65.8,0.0,0.0,Successful
Olivier Boscagli,Brighton,82,17,Pass,Pass,SecondHalf,43.6,59.9,33.9,65.0,Successful
Lewis Dunk,Brighton,82,19,Pass,Pass,SecondHalf,32.6,59.7,38.3,52.3,Successful
Pascal Groß,Brighton,82,20,Pass,Pass,SecondHalf,39.5,52.3,31.2,57.7,Successful
Olivier Boscagli,Brighton,82,23,Long Pass,Pass,SecondHalf,32.2,57.9,72.8,16.4,Unsuccessful
Pep Chavarría,Chelsea,82,27,Clearance,Clearance,SecondHalf,26.4,82.4,29.3,100.0,Successful
Costinha,Brighton,82,33,Throw In,Pass,SecondHalf,67.0,0.0,65.8,7.5,Successful
Olivier Boscagli,Brighton,82,35,Pass,Pass,SecondHalf,64.9,9.6,53.9,4.9,Successful
Luka Vuskovic,Brighton,82,39,Pass,Pass,SecondHalf,53.4,4.8,33.1,21.4,Successful
Bart Verbruggen,Brighton,82,40,Pass,Pass,SecondHalf,32.8,23.8,36.6,40.3,Successful
Pascal Groß,Brighton,82,46,Pass,Pass,SecondHalf,43.8,55.9,44.0,74.4,Successful
Maxim De Cuyper,Brighton,82,48,Pass,Pass,SecondHalf,44.8,77.7,67.2,93.9,Successful
Ibrahim Osman,Brighton,82,52,Pass,Pass,SecondHalf,70.1,91.0,56.2,88.3,Successful
Maxim De Cuyper,Brighton,82,55,Pass,Pass,SecondHalf,55.8,87.0,47.4,67.2,Successful
Lewis Dunk,Brighton,82,57,Pass,Pass,SecondHalf,46.9,64.8,46.8,38.5,Successful
Luka Vuskovic,Brighton,83,1,Pass,Pass,SecondHalf,46.5,28.0,53.6,8.4,Successful
Costinha,Brighton,83,3,Pass,Pass,SecondHalf,53.6,8.4,59.5,3.4,Successful
Ferdi Kadioglu,Brighton,83,4,Pass,Pass,SecondHalf,58.3,3.7,47.7,5.8,Successful
Costinha,Brighton,83,7,Pass,Pass,SecondHalf,45.5,15.1,34.6,53.8,Successful
Lewis Dunk,Brighton,83,11,Chipped Pass,Pass,SecondHalf,46.0,44.4,68.9,65.4,Unsuccessful
Josh Acheampong,Chelsea,83,13,Clearance,Clearance,SecondHalf,28.6,35.2,34.6,35.2,Successful
,Chelsea,83,16,Foul,Foul,SecondHalf,33.3,35.7,0.0,0.0,Successful
Pascal Groß,Brighton,83,16,Foul,Foul,SecondHalf,66.7,64.3,0.0,0.0,Unsuccessful
Emiliano Martínez,Chelsea,83,49,Long Pass,Pass,SecondHalf,33.2,36.8,71.8,23.1,Unsuccessful
Olivier Boscagli,Brighton,83,52,Long Pass,Pass,SecondHalf,26.1,77.1,58.0,76.7,Unsuccessful
Maxence Lacroix,Chelsea,83,54,Pass,Pass,SecondHalf,40.6,22.3,19.4,42.1,Successful
Emiliano Martínez,Chelsea,83,59,Long Pass,Pass,SecondHalf,18.7,47.0,69.4,40.3,Unsuccessful
Lewis Dunk,Brighton,84,2,Pass,Pass,SecondHalf,31.2,57.5,36.6,72.0,Unsuccessful
Cole Palmer,Chelsea,84,4,Chipped Pass,Pass,SecondHalf,61.3,27.4,72.9,23.9,Successful
Malo Gusto,Chelsea,84,8,BallTouch,BallTouch,SecondHalf,75.3,25.9,0.0,0.0,Unsuccessful
Diego Gómez,Brighton,84,9,BallTouch,BallTouch,SecondHalf,24.3,75.4,0.0,0.0,Unsuccessful
Malo Gusto,Chelsea,84,11,BallTouch,BallTouch,SecondHalf,79.3,27.7,0.0,0.0,Unsuccessful
Diego Gómez,Brighton,84,14,Pass,Pass,SecondHalf,21.1,72.8,20.7,64.0,Successful
Olivier Boscagli,Brighton,84,15,Ball Recovery,BallRecovery,SecondHalf,20.4,65.0,0.0,0.0,Successful
Olivier Boscagli,Brighton,84,15,Long Pass,Pass,SecondHalf,21.1,63.4,32.8,5.4,Successful
Costinha,Brighton,84,21,Pass,Pass,SecondHalf,52.4,4.2,46.1,12.3,Successful
Pascal Groß,Brighton,84,23,Pass,Pass,SecondHalf,54.1,12.6,74.8,6.6,Successful
Costinha,Brighton,84,30,Loss of Possession,Dispossessed,SecondHalf,92.8,6.7,0.0,0.0,Successful
Morgan Rogers,Chelsea,84,30,Successful Tackle,Tackle,SecondHalf,7.2,93.3,0.0,0.0,Successful
Pep Chavarría,Chelsea,84,32,BallTouch,BallTouch,SecondHalf,7.4,94.0,0.0,0.0,Successful
Costinha,Brighton,84,32,BallTouch,BallTouch,SecondHalf,92.3,4.9,0.0,0.0,Successful
Pep Chavarría,Chelsea,84,34,Pass,Pass,SecondHalf,10.3,93.2,33.3,95.7,Successful
Cole Palmer,Chelsea,84,35,Ball Recovery,BallRecovery,SecondHalf,32.8,96.3,0.0,0.0,Successful
Cole Palmer,Chelsea,84,37,Long Pass,Pass,SecondHalf,32.9,95.9,56.6,60.9,Unsuccessful
Lewis Dunk,Brighton,84,39,Pass,Pass,SecondHalf,43.4,38.9,53.4,42.1,Successful
Olivier Boscagli,Brighton,84,41,Ball Recovery,BallRecovery,SecondHalf,52.7,43.2,0.0,0.0,Successful
Olivier Boscagli,Brighton,84,41,Pass,Pass,SecondHalf,53.7,43.6,37.9,62.2,Successful
Maxim De Cuyper,Brighton,84,43,Long Pass,Pass,SecondHalf,38.2,64.4,65.0,91.8,Successful
Ibrahim Osman,Brighton,84,53,Cross,Pass,SecondHalf,95.8,76.3,100.0,41.7,Unsuccessful
Emiliano Martínez,Chelsea,85,30,Long Pass,Pass,SecondHalf,5.1,59.7,69.8,72.9,Successful
Morgan Rogers,Chelsea,85,34,Pass,Pass,SecondHalf,71.7,66.7,73.3,59.4,Successful
Cole Palmer,Chelsea,85,35,Pass,Pass,SecondHalf,74.9,59.5,81.6,57.5,Successful
João Pedro,Chelsea,85,37,Key Pass,Pass,SecondHalf,81.3,49.3,81.1,33.8,Successful
Valentín Barco,Chelsea,85,39,Shot off Target,MissedShots,SecondHalf,85.0,33.6,0.0,0.0,Successful
Bart Verbruggen,Brighton,85,43,Long Pass,Pass,SecondHalf,3.8,40.7,30.1,9.2,Successful
Pascal Groß,Brighton,85,49,Pass,Pass,SecondHalf,39.5,6.4,38.9,1.1,Successful
Ferdi Kadioglu,Brighton,85,50,Pass,Pass,SecondHalf,38.7,2.5,35.8,29.1,Successful
Luka Vuskovic,Brighton,85,53,Pass,Pass,SecondHalf,37.0,31.1,45.2,54.4,Successful
Olivier Boscagli,Brighton,85,57,Long Pass,Pass,SecondHalf,53.4,57.4,79.9,0.0,Unsuccessful
Pep Chavarría,Chelsea,86,20,Throw In,Pass,SecondHalf,22.1,100.0,37.3,96.3,Unsuccessful
Costinha,Brighton,86,21,Pass,Pass,SecondHalf,61.8,2.5,76.9,0.0,Unsuccessful
Pep Chavarría,Chelsea,86,36,Long Pass,Pass,SecondHalf,32.6,100.0,55.6,95.7,Unsuccessful
Luka Vuskovic,Brighton,86,38,Pass,Pass,SecondHalf,44.0,3.9,53.8,3.3,Successful
Ferdi Kadioglu,Brighton,86,40,Foul,Foul,SecondHalf,57.0,4.0,0.0,0.0,Successful
Cole Palmer,Chelsea,86,40,Foul,Foul,SecondHalf,43.0,96.0,0.0,0.0,Unsuccessful
Pascal Groß,Brighton,86,49,Chipped Pass,Pass,SecondHalf,54.1,4.9,39.0,41.9,Successful
Lewis Dunk,Brighton,86,52,Pass,Pass,SecondHalf,39.0,55.6,44.3,75.4,Successful
Maxim De Cuyper,Brighton,86,56,Pass,Pass,SecondHalf,42.8,73.8,37.4,57.6,Successful
Lewis Dunk,Brighton,86,58,Chipped Pass,Pass,SecondHalf,45.0,54.5,64.3,69.7,Successful
Diego Gómez,Brighton,87,2,Pass,Pass,SecondHalf,62.7,80.7,74.4,91.6,Successful
Ibrahim Osman,Brighton,87,5,Unsuccessful Dribble,TakeOn,SecondHalf,88.6,86.5,0.0,0.0,Unsuccessful
Josh Acheampong,Chelsea,87,5,Was Dribbled,Tackle,SecondHalf,11.4,13.5,0.0,0.0,Unsuccessful
Ibrahim Osman,Brighton,87,6,BallTouch,BallTouch,SecondHalf,88.5,86.1,0.0,0.0,Successful
Emiliano Martínez,Chelsea,87,34,Long Pass,Pass,SecondHalf,4.7,60.7,67.5,69.9,Unsuccessful
Luka Vuskovic,Brighton,87,37,Aerial Won,Aerial,SecondHalf,32.5,30.1,0.0,0.0,Successful
João Pedro,Chelsea,87,37,Aerial Lost,Aerial,SecondHalf,67.5,69.9,0.0,0.0,Unsuccessful
Luka Vuskovic,Brighton,87,37,Pass,Pass,SecondHalf,32.5,30.1,44.4,33.3,Successful
Diego Gómez,Brighton,87,38,Pass,Pass,SecondHalf,44.0,33.6,38.7,28.2,Successful
Pascal Groß,Brighton,87,40,Ball Recovery,BallRecovery,SecondHalf,38.2,29.7,0.0,0.0,Successful
Pascal Groß,Brighton,87,41,Pass,Pass,SecondHalf,39.7,30.5,34.0,13.7,Successful
Costinha,Brighton,87,43,Pass,Pass,SecondHalf,36.9,5.2,56.0,12.5,Successful
Promise David,Brighton,87,45,Pass,Pass,SecondHalf,54.8,8.6,43.3,3.3,Successful
Costinha,Brighton,87,48,Pass,Pass,SecondHalf,45.4,4.9,45.2,19.9,Successful
Pascal Groß,Brighton,87,50,Pass,Pass,SecondHalf,45.5,13.9,36.8,13.6,Successful
Luka Vuskovic,Brighton,87,51,Pass,Pass,SecondHalf,36.6,14.2,31.8,46.0,Successful
Lewis Dunk,Brighton,87,56,Pass,Pass,SecondHalf,42.1,62.7,45.2,46.6,Successful
Pascal Groß,Brighton,87,59,Pass,Pass,SecondHalf,49.8,48.0,55.6,27.6,Successful
Luka Vuskovic,Brighton,88,2,Long Pass,Pass,SecondHalf,57.0,26.1,79.5,93.1,Successful
Ibrahim Osman,Brighton,88,6,Pass,Pass,SecondHalf,79.5,93.1,72.6,89.4,Successful
Maxim De Cuyper,Brighton,88,8,Pass,Pass,SecondHalf,75.0,88.0,87.8,93.9,Successful
Ibrahim Osman,Brighton,88,12,Pass,Pass,SecondHalf,92.1,92.2,84.1,95.1,Successful
Maxim De Cuyper,Brighton,88,13,Pass,Pass,SecondHalf,78.9,92.4,76.4,73.4,Unsuccessful
Valentín Barco,Chelsea,88,15,Interception,Interception,SecondHalf,23.6,26.6,0.0,0.0,Successful
Cole Palmer,Chelsea,88,16,Ball Recovery,BallRecovery,SecondHalf,25.3,18.0,0.0,0.0,Successful
Cole Palmer,Chelsea,88,17,Pass,Pass,SecondHalf,25.3,18.0,29.5,24.4,Unsuccessful
Pascal Groß,Brighton,88,18,Pass,Pass,SecondHalf,76.9,77.2,64.9,75.9,Successful
Lewis Dunk,Brighton,88,19,Ball Recovery,BallRecovery,SecondHalf,65.3,76.3,0.0,0.0,Successful
Lewis Dunk,Brighton,88,19,Pass,Pass,SecondHalf,65.0,76.7,71.2,82.6,Unsuccessful
Cole Palmer,Chelsea,88,20,Interception,Interception,SecondHalf,28.8,17.4,0.0,0.0,Successful
Lewis Dunk,Brighton,88,25,Throw In,Pass,SecondHalf,63.1,100.0,57.1,92.2,Successful
Olivier Boscagli,Brighton,88,31,Long Pass,Pass,SecondHalf,60.3,86.7,78.5,22.7,Unsuccessful
Pep Chavarría,Chelsea,88,33,Clearance,Clearance,SecondHalf,20.8,77.1,28.5,89.5,Successful
Pep Chavarría,Chelsea,88,37,Ball Recovery,BallRecovery,SecondHalf,28.4,92.3,0.0,0.0,Successful
Pep Chavarría,Chelsea,88,37,Pass,Pass,SecondHalf,27.5,95.5,33.5,76.3,Successful
Morgan Rogers,Chelsea,88,42,Unsuccessful Dribble,TakeOn,SecondHalf,46.2,71.8,0.0,0.0,Unsuccessful
Morgan Rogers,Chelsea,88,43,Foul,Foul,SecondHalf,46.2,72.0,0.0,0.0,Successful
Olivier Boscagli,Brighton,88,43,Foul,Foul,SecondHalf,53.8,28.0,0.0,0.0,Unsuccessful
Olivier Boscagli,Brighton,88,45,Card,Card,SecondHalf,0.0,0.0,0.0,0.0,Successful
Reece James,Chelsea,89,8,Pass,Pass,SecondHalf,54.1,64.6,66.5,65.6,Successful
Morgan Rogers,Chelsea,89,10,Unsuccessful Dribble,TakeOn,SecondHalf,67.1,62.2,0.0,0.0,Unsuccessful
Diego Gómez,Brighton,89,10,Successful Tackle,Tackle,SecondHalf,32.9,37.8,0.0,0.0,Successful
Diego Gómez,Brighton,89,13,Ball Recovery,BallRecovery,SecondHalf,35.0,32.1,0.0,0.0,Successful
Diego Gómez,Brighton,89,13,Pass,Pass,SecondHalf,36.5,32.7,41.0,15.2,Successful
Pascal Groß,Brighton,89,14,Pass,Pass,SecondHalf,44.0,15.8,57.6,18.8,Successful
Promise David,Brighton,89,15,Pass,Pass,SecondHalf,58.4,18.4,54.8,29.5,Successful
Diego Gómez,Brighton,89,18,Pass,Pass,SecondHalf,57.2,29.5,59.4,66.4,Successful
Maxim De Cuyper,Brighton,89,20,Pass,Pass,SecondHalf,68.2,68.9,75.6,86.5,Successful
Ibrahim Osman,Brighton,89,25,Pass,Pass,SecondHalf,78.9,88.0,73.5,81.9,Successful
Maxim De Cuyper,Brighton,89,27,Pass,Pass,SecondHalf,73.7,81.9,69.3,67.8,Successful
Lewis Dunk,Brighton,89,28,Pass,Pass,SecondHalf,73.3,73.5,86.3,93.7,Successful
Ibrahim Osman,Brighton,89,32,BallTouch,BallTouch,SecondHalf,92.7,84.6,0.0,0.0,Unsuccessful
Cole Palmer,Chelsea,89,34,Clearance,Clearance,SecondHalf,8.3,12.5,6.7,0.0,Successful
Maxim De Cuyper,Brighton,89,52,Long Pass,Pass,SecondHalf,88.8,100.0,93.7,64.5,Unsuccessful
Maxence Lacroix,Chelsea,89,56,Aerial Won,Aerial,SecondHalf,6.3,35.5,0.0,0.0,Successful
Luka Vuskovic,Brighton,89,56,Aerial Lost,Aerial,SecondHalf,93.7,64.5,0.0,0.0,Unsuccessful
Maxence Lacroix,Chelsea,89,57,Clearance,Clearance,SecondHalf,6.3,35.5,31.8,39.3,Successful
João Pedro,Chelsea,90,0,Foul,Foul,SecondHalf,29.7,40.2,0.0,0.0,Successful
Costinha,Brighton,90,0,Foul,Foul,SecondHalf,70.3,59.8,0.0,0.0,Unsuccessful
Costinha,Brighton,90,2,Card,Card,SecondHalf,0.0,0.0,0.0,0.0,Successful
Emiliano Martínez,Chelsea,90,45,Long Pass,Pass,SecondHalf,31.5,38.0,69.8,7.0,Successful
Malo Gusto,Chelsea,90,48,Pass,Pass,SecondHalf,68.7,6.4,88.2,0.0,Unsuccessful
Diego Gómez,Brighton,90,49,ShieldBallOpp,ShieldBallOpp,SecondHalf,19.3,96.1,0.0,0.0,Successful
Maxim De Cuyper,Brighton,90,57,Throw In,Pass,SecondHalf,20.5,100.0,17.1,90.8,Successful
Olivier Boscagli,Brighton,90,58,Long Pass,Pass,SecondHalf,17.9,92.0,43.0,69.7,Successful
Promise David,Brighton,91,1,Pass,Pass,SecondHalf,44.0,70.3,42.3,32.3,Successful
Costinha,Brighton,91,9,Pass,Pass,SecondHalf,62.0,7.0,67.1,4.6,Successful
Pascal Groß,Brighton,91,11,Pass,Pass,SecondHalf,67.1,4.6,78.5,25.6,Successful
Promise David,Brighton,91,13,Pass,Pass,SecondHalf,78.5,25.6,75.2,24.0,Successful
Ferdi Kadioglu,Brighton,91,15,Pass,Pass,SecondHalf,75.7,30.7,75.2,39.4,Unsuccessful
Cole Palmer,Chelsea,91,16,BallTouch,BallTouch,SecondHalf,20.3,53.8,0.0,0.0,Successful
Maxim De Cuyper,Brighton,91,18,Chipped Pass,Pass,SecondHalf,77.8,54.4,84.6,53.2,Unsuccessful
Josh Acheampong,Chelsea,91,18,Clearance,Clearance,SecondHalf,16.0,46.4,51.1,53.8,Successful
Luka Vuskovic,Brighton,91,22,Pass,Pass,SecondHalf,45.0,46.5,53.2,69.6,Successful
Lewis Dunk,Brighton,91,24,Pass,Pass,SecondHalf,53.3,69.7,60.4,62.8,Successful
Olivier Boscagli,Brighton,91,26,Pass,Pass,SecondHalf,57.5,63.9,45.2,47.7,Successful
Luka Vuskovic,Brighton,91,28,Pass,Pass,SecondHalf,44.7,50.5,66.1,19.2,Successful
Pascal Groß,Brighton,91,32,Cross,Pass,SecondHalf,67.4,13.9,70.4,19.7,Unsuccessful
Morgan Rogers,Chelsea,91,32,Clearance,Clearance,SecondHalf,29.6,80.3,0.0,0.0,Successful
Morgan Rogers,Chelsea,91,35,CornerAwarded,CornerAwarded,SecondHalf,29.6,80.8,0.0,0.0,Unsuccessful
Pascal Groß,Brighton,91,35,CornerAwarded,CornerAwarded,SecondHalf,70.4,19.2,0.0,0.0,Successful
Maxim De Cuyper,Brighton,92,5,Cross,Pass,SecondHalf,99.5,0.5,97.3,55.9,Unsuccessful
Emiliano Martínez,Chelsea,92,6,Foul,Foul,SecondHalf,2.5,48.5,0.0,0.0,Successful
Olivier Boscagli,Brighton,92,6,Foul,Foul,SecondHalf,97.5,51.5,0.0,0.0,Unsuccessful
Emiliano Martínez,Chelsea,92,41,Long Pass,Pass,SecondHalf,8.4,45.8,65.3,20.1,Successful
Malo Gusto,Chelsea,92,44,Aerial Won,Aerial,SecondHalf,65.3,20.1,0.0,0.0,Successful
Lewis Dunk,Brighton,92,44,Aerial Lost,Aerial,SecondHalf,34.7,79.9,0.0,0.0,Unsuccessful
Malo Gusto,Chelsea,92,46,Pass,Pass,SecondHalf,65.3,20.1,69.8,28.0,Successful
João Pedro,Chelsea,92,48,Pass,Pass,SecondHalf,70.5,26.6,72.5,26.8,Unsuccessful
Luka Vuskovic,Brighton,92,48,BlockedPass,BlockedPass,SecondHalf,27.5,73.2,0.0,0.0,Successful
Maxim De Cuyper,Brighton,92,49,Clearance,Clearance,SecondHalf,17.9,85.2,36.2,88.3,Successful
Josh Acheampong,Chelsea,92,50,Pass,Pass,SecondHalf,64.8,12.7,74.6,23.5,Unsuccessful
Lewis Dunk,Brighton,92,51,Ball Recovery,BallRecovery,SecondHalf,25.9,75.2,0.0,0.0,Successful
Lewis Dunk,Brighton,92,51,Pass,Pass,SecondHalf,25.4,77.1,31.5,93.6,Successful
Ibrahim Osman,Brighton,92,56,Pass,Pass,SecondHalf,66.7,95.3,85.3,65.4,Unsuccessful
Emiliano Martínez,Chelsea,93,1,KeeperPickup,KeeperPickup,SecondHalf,14.9,36.8,0.0,0.0,Successful
Emiliano Martínez,Chelsea,93,11,Long Pass,Pass,SecondHalf,15.0,45.2,48.9,19.0,Unsuccessful
Olivier Boscagli,Brighton,93,22,Foul,Foul,SecondHalf,68.4,95.4,0.0,0.0,Successful
Valentín Barco,Chelsea,93,22,Foul,Foul,SecondHalf,31.7,4.6,0.0,0.0,Unsuccessful
Maxim De Cuyper,Brighton,93,45,Key Pass,Pass,SecondHalf,68.5,94.2,83.3,47.2,Successful
Luka Vuskovic,Brighton,93,47,Shot off Target,MissedShots,SecondHalf,83.3,47.2,0.0,0.0,Successful
Emiliano Martínez,Chelsea,94,16,Long Pass,Pass,SecondHalf,4.8,41.7,86.6,35.8,Unsuccessful
Bart Verbruggen,Brighton,94,21,Ball Recovery,BallRecovery,SecondHalf,12.3,60.6,0.0,0.0,Successful
Bart Verbruggen,Brighton,94,22,Pass,Pass,SecondHalf,12.3,60.6,18.4,61.3,Successful
Lewis Dunk,Brighton,94,29,Pass,Pass,SecondHalf,23.9,63.8,30.6,28.4,Successful
Luka Vuskovic,Brighton,94,31,Pass,Pass,SecondHalf,32.3,24.2,36.9,10.7,Successful
Pascal Groß,Brighton,94,34,Long Pass,Pass,SecondHalf,38.6,10.3,77.2,29.9,Successful
Promise David,Brighton,94,36,Pass,Pass,SecondHalf,78.1,29.1,70.4,15.6,Successful
Ferdi Kadioglu,Brighton,94,41,Cross,Pass,SecondHalf,74.5,15.4,84.8,34.4,Unsuccessful
Maxence Lacroix,Chelsea,94,42,Clearance,Clearance,SecondHalf,15.4,66.9,17.7,40.9,Successful
Ibrahim Osman,Brighton,94,45,Pass,Pass,SecondHalf,78.9,59.7,79.9,74.4,Successful
Maxim De Cuyper,Brighton,94,47,Chipped Pass,Pass,SecondHalf,80.8,71.4,93.2,45.8,Unsuccessful
Jorrel Hato,Chelsea,94,49,Clearance,Clearance,SecondHalf,5.8,54.4,3.6,0.0,Successful
Maxim De Cuyper,Brighton,95,1,Long Pass,Pass,SecondHalf,93.6,100.0,92.9,67.3,Successful
Diego Gómez,Brighton,95,4,Aerial Won,Aerial,SecondHalf,92.9,67.3,0.0,0.0,Successful
Valentín Barco,Chelsea,95,4,Aerial Lost,Aerial,SecondHalf,7.1,32.7,0.0,0.0,Unsuccessful
Diego Gómez,Brighton,95,4,Pass,Pass,SecondHalf,92.9,67.3,93.2,50.1,Unsuccessful
Jorrel Hato,Chelsea,95,5,Aerial Won,Aerial,SecondHalf,6.8,49.9,0.0,0.0,Successful
Promise David,Brighton,95,5,Aerial Lost,Aerial,SecondHalf,93.2,50.1,0.0,0.0,Unsuccessful
Jorrel Hato,Chelsea,95,5,Clearance,Clearance,SecondHalf,6.8,49.9,12.2,55.2,Successful
Pascal Groß,Brighton,95,7,Goal,Goal,SecondHalf,88.6,45.4,0.0,0.0,Successful
Cole Palmer,Chelsea,95,43,Long Pass,Pass,SecondHalf,50.1,50.5,92.2,0.0,Unsuccessful
,Chelsea,95,50,End,End,SecondHalf,0.0,0.0,0.0,0.0,Successful
,Brighton,95,50,End,End,SecondHalf,0.0,0.0,0.0,0.0,Successful
,Chelsea,0,0,End,End,FirstHalf,0.0,0.0,0.0,0.0,Successful
,Brighton,0,0,End,End,FirstHalf,0.0,0.0,0.0,0.0,Successful
,Chelsea,0,0,FormationSet,FormationSet,FirstHalf,0.0,0.0,0.0,0.0,Successful
,Brighton,0,0,FormationSet,FormationSet,FirstHalf,0.0,0.0,0.0,0.0,Successful
